﻿ID,名称,説明,＋０（攻撃力）,＋１,＋２,＋３,＋４,＋５,＋６,＋７,＋８,＋９,＋１０,＋０（範囲）,＋１,＋２,＋３,＋４,＋５,＋６,＋７,＋８,＋９,＋１０
1,炎の魔法,"ガスバーナーを持っているのと
同じ。殴ったほうが早い。

＋１０まで強化でき、巨大な火
の玉を相手にぶつけることがで
きる。
",10,20,30,40,50,60,70,80,90,100,110,10,20,30,40,50,60,70,80,90,100,110
2,氷の魔法,"氷を投げられるより石を投げら
れるほうがはるかに痛い。何の
役にも立たない。

＋１０まで強化でき、巨大な氷
の塊を相手にぶつけることがで
きる。 

",10,20,30,40,50,60,70,80,90,100,110,10,20,30,40,50,60,70,80,90,100,110
3,闇の魔法,"幽霊に対抗する技。
これでしかダメージを与えられ
ない。 
",10,20,30,40,50,60,70,80,90,100,110,10,20,30,40,50,60,70,80,90,100,110
