﻿ID,オプション1,オプション2,オプション3,,
1,"数時間後、夕方になりホシマンは全身の痛みによって目を覚ました。
体験したことのない疲労と喉の渇き、頭痛、肌の痛みがホシマンを襲った。",res\\image\\hoshiman00.png,,
2,（人・・・だれか・・・）,res\\image\\hoshiman00.png,,,
3,ホシマンは瓦礫に乗ってこの島にやってきたときのことを思い出した。,res\\image\\hoshiman00.png,,,
4,（倒れる前に少しだけ見たけど、人がいる雰囲気じゃなかった）,res\\image\\hoshiman00.png,,,
5,そう思うとホシマンはますます具合が悪くなった。,res\\image\\hoshiman00.png,,,
6,（みず・・・みず・・・）,res\\image\\hoshiman00.png,,,
