﻿ID,オプション1,オプション2,オプション3,,
1,部屋は綺麗になっていた。,res\\image\\hoshiman00.png,,
2,「君たち、よくやった。期待以上の成果だ」,res\\image\\hoshiman00.png,,,
3,「いぇーい」,res\\image\\sankakuman00.png,res\\image\\shikakuman00.png,,
4,３人はハイタッチした。,res\\image\\sankakuman00.png,res\\image\\shikakuman00.png,,
5,「ちょっと話があるからダイケイマンのところに来てくれ」,res\\image\\hoshiman00.png,,,
6,「うん」,res\\image\\sankakuman00.png,res\\image\\shikakuman00.png,,
