ID,オプション1,オプション2,オプション3,Unnamed: 4,Unnamed: 5
1,"Star Man woke up.
It seemed that several hours had passed.",res\\image\\hoshiman00.png,,
2,"(Ah... right. I ended up on a deserted island...
Is it evening? Or morning? My whole body hurts...)",res\\image\\hoshiman00.png,,,
3,"Sunburned and sore, Star Man’s body was in terrible shape.
He summoned all his willpower and stood up.",res\\image\\hoshiman00.png,,,
4,(Water...),res\\image\\hoshiman00.png,,,
5,Star Man looked toward the ocean.,res\\image\\hoshiman00.png,,,
6,"(Yesterday, there was rainwater pooled in the rocks, but I can’t count on that every time... I need to come up with something...
...
I’ll try looking for a river.)",res\\image\\hoshiman00.png,,,
7,"Star Man looked around, but he couldn’t find a river.",res\\image\\hoshiman00.png,,,
8,(I see something like a path in the forest.),res\\image\\hoshiman00.png,,,
9,Star Man decided to follow the path into the forest.,res\\image\\hoshiman00.png,,,
