﻿ID,オプション1,オプション2,オプション3,Unnamed: 4,Unnamed: 5
1,"Star Man returned to the ruins carrying two coconuts.
He cracked the coconuts and handed them to the man.",res\\image\\hoshiman00.png,,,
2,"""Thank you.""",res\\image\\hoshiman00.png,res\\image\\daikeiman00.png,,
3,"""I'll bring more. Please wait.""",res\\image\\hoshiman00.png,res\\image\\daikeiman00.png,,
4,(I'll make a few trips and bring about four.),res\\image\\hoshiman00.png,,,
5,Star Man picked up a bag that was lying on the ground.,res\\image\\hoshiman00.png,,,
6,(I'll use this.),res\\image\\hoshiman00.png,,,
