﻿ID,オプション1,オプション2,オプション3,,
1,ホシマンが正面を見ると円柱状の物体が向かってきていた。,res\\image\\enchuu00.png,,
2,（あ、ヤバい。あれもモンスターか）,res\\image\\enchuu00.png,res\\image\\hoshiman00.png,,
3,"モンスターは普段、完全に静止しているため発見が難しく、
こちらに向かって来るまで気づかないことが多かった。",res\\image\\enchuu00.png,res\\image\\hoshiman00.png,,
4,（今度は円柱の形か・・・）,res\\image\\enchuu00.png,res\\image\\hoshiman00.png,,
5,モンスターは立方体と同じくらいの大きさで円柱状だった。,res\\image\\enchuu00.png,res\\image\\hoshiman00.png,,
6,（戦ってみるか・・・？）,res\\image\\enchuu00.png,res\\image\\hoshiman00.png,,
7,ホシマンは石槍を構えた。,res\\image\\enchuu00.png,res\\image\\hoshiman00.png,,
8,"ホシマンは１週間モンスターたちから逃げる生活をしており、
その中でも特に、円盤状の敵が投げてくる弾を避けなければいけなかったため
反射神経が研ぎ澄まされていた。",res\\image\\enchuu00.png,res\\image\\hoshiman00.png,,
9,＜ザー！＞,res\\image\\enchuu00.png,res\\image\\hoshiman00.png,,
10,（！！）,res\\image\\enchuu00.png,res\\image\\hoshiman00.png,,
11,円柱状のモンスターは闘牛のように突進してきた。,res\\image\\enchuu00.png,res\\image\\hoshiman00.png,,
12,ホシマンは横に飛んで避けた。泥や葉が舞っていた。,res\\image\\enchuu00.png,res\\image\\hoshiman00.png,,
13,円柱状のモンスターはこちらに振り返り、ジリジリと近寄ってきた。,res\\image\\enchuu00.png,res\\image\\hoshiman00.png,,
14,"（さっきのは離れていたから避けられたけど、
　至近距離でさっきの奴をやられると・・・多分避けられない。
　運悪く踏まれたら即死するかもしれない・・・）",,res\\image\\hoshiman00.png,,
15,円柱状の敵も他の敵同様に数百キロほど体重がありそうだった。,res\\image\\enchuu00.png,,,
16,（逃げよう）,,res\\image\\hoshiman00.png,,
17,"ホシマンは、駆け足で逃げた。
モンスターと戦って勝っても、食べられもしないし資材も手に入らない。
そのため頻繁に通る道や避けて通れない道でない限り逃げていた。",,res\\image\\hoshiman00.png,,
18,"しばらく歩くと開けた場所に出た。
そこには、倒壊した古い家屋があった。
藁や土壁が使われており、現代では見ないタイプの家だった。",,,,
19,家屋の中には人骨が転がっていた。,,,,
20,"（普通に生きてたら家の中に人骨がある状態にはならない。
　事件性がありそうだ・・・）",res\\image\\hoshiman00.png,,,
21,"草で隠れていたが、廃屋から森の奥に向かってうっすらと道の痕跡があった。
木の棒で払いながらホシマンはその方向に進んでいった。
先には小さな墓地と神社があった。",,,,
22,（！！　人だ・・・！）,res\\image\\hoshiman00.png,,,
23,墓地には老婆が座っていた。,res\\image\\hoshiman00.png,res\\image\\rouba00.png,,
24,「あの・・・」,res\\image\\hoshiman00.png,res\\image\\rouba00.png,,
25,ホシマンは恐る恐る話しかけた。,res\\image\\hoshiman00.png,res\\image\\rouba00.png,,
26,（またロボみたいな人だったら嫌だな・・・）,res\\image\\hoshiman00.png,res\\image\\rouba00.png,,
27,「・・・」,res\\image\\hoshiman00.png,res\\image\\rouba00.png,,
28,「ちょっといいか」,res\\image\\hoshiman00.png,res\\image\\rouba00.png,,
29,「あぁ・・・もうそんなころか・・・」,res\\image\\hoshiman00.png,res\\image\\rouba00.png,,
30,「？」,res\\image\\hoshiman00.png,res\\image\\rouba00.png,,
31,「あぁ・・・」,res\\image\\hoshiman00.png,res\\image\\rouba00.png,,
32,老婆はため息をついた。,res\\image\\hoshiman00.png,res\\image\\rouba00.png,,
33,「話が聞きたい」,res\\image\\hoshiman00.png,res\\image\\rouba00.png,,
34,「・・・」,res\\image\\hoshiman00.png,res\\image\\rouba00.png,,
35,「・・・」,res\\image\\hoshiman00.png,res\\image\\rouba00.png,,
36,二人の間に沈黙の時間が流れる。,res\\image\\hoshiman00.png,res\\image\\rouba00.png,,
37,「いいですよ」,res\\image\\hoshiman00.png,res\\image\\rouba00.png,,
38,（よかった・・・言葉が通じる人だ・・・）,res\\image\\hoshiman00.png,res\\image\\rouba00.png,,
39,「私はここに漂流してきた者だ」,res\\image\\hoshiman00.png,res\\image\\rouba00.png,,
40,「・・・」,res\\image\\hoshiman00.png,res\\image\\rouba00.png,,
41,「よろしくどうぞ・・・」,res\\image\\hoshiman00.png,res\\image\\rouba00.png,,
42,「はい、よろしく」,res\\image\\hoshiman00.png,res\\image\\rouba00.png,,
43,「そこら中にいる、モンスターのことを教えてほしい。あれは何者なんだ」,res\\image\\hoshiman00.png,res\\image\\rouba00.png,,
44,「・・・。,res\\image\\hoshiman00.png,res\\image\\rouba00.png,,
45,　生物兵器だ。ジーフォークの実験体が捨てられてる」,res\\image\\hoshiman00.png,res\\image\\rouba00.png,,
46,「・・・！」,res\\image\\hoshiman00.png,res\\image\\rouba00.png,,
47,ジーフォークはこの島の西の方にある発展途上国だった。,res\\image\\hoshiman00.png,res\\image\\rouba00.png,,
48,「・・・そうか・・・」,res\\image\\hoshiman00.png,res\\image\\rouba00.png,,
49,"「そんな高等なもんじゃない。植物を動けるようにしたとか、
　動物に植物の細胞を埋め込んだとか、それだけ。
　それで飲まず食わずで生きていられる」",res\\image\\hoshiman00.png,res\\image\\rouba00.png,,
50,"パワーエッジ星では、生物の遺伝子操作が
家庭・個人レベルまで広まっており
発展途上国でも様々な目的で生物が作られていた。",res\\image\\hoshiman00.png,res\\image\\rouba00.png,,
51,「今までそういったニュースは聞いたことがなかった」,res\\image\\hoshiman00.png,res\\image\\rouba00.png,,
52,「ここは人が近づかない島だからね。あなた、悪魔と契約しただろう？」,res\\image\\hoshiman00.png,res\\image\\rouba00.png,,
53,「え・・・。・・・ああ。」,res\\image\\hoshiman00.png,res\\image\\rouba00.png,,
54,「あの悪魔はねぇ、死にかけの人のところに行って契約を勧めるんだ」,res\\image\\hoshiman00.png,res\\image\\rouba00.png,,
55,「・・・」,res\\image\\hoshiman00.png,res\\image\\rouba00.png,,
56,「生き返った人は力を持つ。,res\\image\\hoshiman00.png,res\\image\\rouba00.png,,
57,"　ひとたび、争いが起きると、力が持つ人は力を持たない人に勝てる。
　殺せる」",res\\image\\hoshiman00.png,res\\image\\rouba00.png,,
58,「・・・」,res\\image\\hoshiman00.png,res\\image\\rouba00.png,,
59,「殺されそうになった、力を持たない人は悪魔の契約をして蘇る」,res\\image\\hoshiman00.png,res\\image\\rouba00.png,,
60,「・・・」,res\\image\\hoshiman00.png,res\\image\\rouba00.png,,
61,ホシマンは険しい顔つきになった。,res\\image\\hoshiman00.png,res\\image\\rouba00.png,,
62,"「契約した人間は魔法を使えるようになる。
　訓練すると魔法はとてつもない威力になって一度に大勢殺せるようになる。
　大勢の人が殺されると、みんな契約して蘇る。",res\\image\\hoshiman00.png,res\\image\\rouba00.png,,
63,"　倍々ゲームで契約した人が増えて行った。
　ただし１年で死ぬ契約つき。それでこの島の人々は全滅した」",res\\image\\hoshiman00.png,res\\image\\rouba00.png,,
64,「・・・」,res\\image\\hoshiman00.png,res\\image\\rouba00.png,,
65,「モンスターが廃棄されるようになったのはそのあと」,res\\image\\hoshiman00.png,res\\image\\rouba00.png,,
66,「なるほど。そういうことだったか」,res\\image\\hoshiman00.png,res\\image\\rouba00.png,,
67,"（あの角が生えた人からすれば、
　島民同士で争ってくれたほうが沢山契約できるか・・・）",res\\image\\hoshiman00.png,res\\image\\rouba00.png,,
68,「・・・」,res\\image\\hoshiman00.png,res\\image\\rouba00.png,,
69,"「もう一つ教えてほしい。私は仲間のために１年以内に脱出したい。
　何か良い方法を知らないか」",res\\image\\hoshiman00.png,res\\image\\rouba00.png,,
70,「・・・」,res\\image\\hoshiman00.png,res\\image\\rouba00.png,,
71,「・・・」,res\\image\\hoshiman00.png,res\\image\\rouba00.png,,
72,"「思いつかないねぇ・・・。島から出られればいいけどねぇ。
　契約も切れるし」",res\\image\\hoshiman00.png,res\\image\\rouba00.png,,
73,「？　契約が切れる？」,res\\image\\hoshiman00.png,res\\image\\rouba00.png,,
74,「あぁ、島から出られれば契約はなくなって助かるよ」,res\\image\\hoshiman00.png,res\\image\\rouba00.png,,
75,「本当か？　どうやってそれを知ったんだ」,res\\image\\hoshiman00.png,res\\image\\rouba00.png,,
76,「え？　なんでだっけ・・・」,res\\image\\hoshiman00.png,res\\image\\rouba00.png,,
77,「・・・」,res\\image\\hoshiman00.png,res\\image\\rouba00.png,,
78,（本当だろうか・・・）,res\\image\\hoshiman00.png,res\\image\\rouba00.png,,
79,「とりあえず、ありがとう」,res\\image\\hoshiman00.png,res\\image\\rouba00.png,,
80,このあと、ホシマンは食材を集めて廃墟に戻った。,res\\image\\hoshiman00.png,,,
