ID,オプション1,オプション2,オプション3,Unnamed: 4,Unnamed: 5
1,Star Man arrived at the Ubuntu Cave.,res\\image\\hoshiman00.png,,
2,"(If the monsters rely on sunlight, then the cave should be safe.)",res\\image\\hoshiman00.png,,,
3,"The cave resembled an old mine. There were no monsters, but several ghosts lingered.",res\\image\\hoshiman00.png,,,
4,"(If I remember right, those things can only be taken down with black flame.
But with my current strength, I don’t stand a chance.
Better to leave it for now.)",res\\image\\hoshiman00.png,,,
5,Star Man decided to turn back.,res\\image\\hoshiman00.png,,,
6,(What’s this...?),res\\image\\hoshiman00.png,,,
7,"On his way back, Star Man found a stone mottled with orange and green.
He picked up the strange stone, left the cave, and headed toward the ruins.",res\\image\\hoshiman00.png,,,
