﻿ID,Option 1,オプション2,オプション3,,
1,One month later.,,,
2,It had been a month since Star Man and his friends moved into the DirectNex Seaside Cave.,res\\image\\hoshiman00.png,,,
3,"Drawing on everything they had learned so far, their lives quickly stabilized.
Once they had a bit of breathing room, Star Man decided to visit the Precision Ruins.",res\\image\\hoshiman00.png,,,
4,"His aim was to retrieve weapons and tools, but in truth they could simply make new ones, so there was no real need for a recovery mission.
Star Man just wanted to see what had become of their old home.",res\\image\\hoshiman00.png,,,
