﻿ID,オプション1,オプション2,オプション3
1,オレンジ色の物体は松明に照らされた白骨化した遺体だった。,res\\image\\hoshiman00.png,
2,"（島民のものだろう。
　遺体を調べてみたいが・・・）",,
3,"白骨化しているとはいえ人間の死体を触るのは恐怖だった。
（ここまで来るのは大変だった・・・今やるしかない）
ホシマンは意を決して遺体を調べた。
",res\\image\\hoshiman00.png,
4,（これは・・・）,res\\image\\hoshiman00.png,
5,"遺体の荷物には二つの地図が入っていた。
片方はこの島の地図のようだった。地図に現在地は記されていなかったが、
今日まで島を歩いた感覚でなんとなく予想はついた。",res\\image\\hoshiman00.png,
6,"ラデオウ連邦とジーフォーク共和国とこの島が記されている地図も見つけた。
",res\\image\\hoshiman00.png,
7,"（ここはプロリタン島、という島らしい。あとでみんなに見せよう。
　一番近いジーフォーク共和国までは１００Ｋｍくらいだ。
　泳いでいくのは無理だな・・・）",res\\image\\hoshiman00.png,
8,【メニューのマップ情報が更新された】,,
