﻿ID,Option 1,オプション2,オプション3,,
1,"When Star Man returned to the sea‑cave, Square Man was crouched, groaning ""oo‑oo,"" while the other two watched.",res\\image\\sankakuman00.png,res\\image\\shikakuman02.png,
2,"""What happened?""",res\\image\\hoshiman00.png,res\\image\\sankakuman00.png,,
3,"""I showed him the red berries and he curled up. They're detoxified ones.""",res\\image\\hoshiman00.png,res\\image\\daikeiman00.png,,
4,"""Hmm...""",res\\image\\hoshiman00.png,res\\image\\daikeiman00.png,,
5,"""...""",res\\image\\hoshiman00.png,res\\image\\daikeiman00.png,,
6,"""Some say ghosts, clinging to regrets from life, try to steal Word Breath...""",res\\image\\hoshiman00.png,res\\image\\daikeiman00.png,,
7,"""So maybe he once nearly died from those red berries.""",res\\image\\hoshiman00.png,res\\image\\daikeiman00.png,,
8,"""I've never seen it, but I guess it could've happened.""",res\\image\\hoshiman00.png,res\\image\\daikeiman00.png,,
9,"""Haha, never noticed. He's got a real poker face.""",res\\image\\hoshiman00.png,res\\image\\daikeiman00.png,,
10,"""Let's hide the red berries where he can't see them.""",res\\image\\hoshiman00.png,res\\image\\daikeiman00.png,,
11,They hid the berries out of sight.,res\\image\\hoshiman00.png,res\\image\\daikeiman00.png,,
12,"That night,",,,,
13,"As a small kindness, they prepared plenty of food for Square Man.",res\\image\\hoshiman00.png,res\\image\\shikakuman02.png,,
14,"With summer on the way, mangoes, papayas, and other fruit were ripening on Prolitan Island.",res\\image\\hoshiman00.png,res\\image\\shikakuman02.png,,
15,Triangle Man showed Square Man his bow.,res\\image\\sankakuman00.png,res\\image\\shikakuman02.png,,
16,"""See? It's a bow and arrow.""",res\\image\\sankakuman00.png,res\\image\\shikakuman02.png,,
17,Square Man examined it with interest.,res\\image\\sankakuman00.png,res\\image\\shikakuman02.png,,
18,"""You use it like this.""",res\\image\\sankakuman00.png,res\\image\\shikakuman02.png,,
19,Triangle Man loosed an arrow at a target ten meters away.,res\\image\\sankakuman00.png,res\\image\\shikakuman02.png,,
20,<Clang>,res\\image\\sankakuman00.png,res\\image\\shikakuman02.png,,
21,A dry thunk rang out when it hit.,res\\image\\sankakuman00.png,res\\image\\shikakuman02.png,,
22,"Carefully, Triangle Man handed the bow to Square Man; he imitated the shot.",res\\image\\sankakuman00.png,res\\image\\shikakuman02.png,,
23,<Clang>,res\\image\\sankakuman00.png,res\\image\\shikakuman02.png,,
24,"""Like riding a bike—your body does it even if your head doesn't know how,"" Star Man said.",res\\image\\hoshiman00.png,res\\image\\shikakuman02.png,,
25,That night the four of them played target practice.,res\\image\\hoshiman00.png,res\\image\\shikakuman02.png,,
26,Next morning they awoke to Square Man's coughing; he was too weak to sit up.,res\\image\\hoshiman00.png,res\\image\\shikakuman02.png,,
27,Square Man spat blood; his breathing was shallow and fast.,res\\image\\hoshiman00.png,res\\image\\shikakuman02.png,,
28,(Damn... there's nothing we can do...),res\\image\\hoshiman00.png,res\\image\\shikakuman02.png,,
29,Vim was suddenly standing nearby.,res\\image\\hoshiman00.png,res\\image\\shikakuman02.png,,
30,"""You startled me—I never noticed you,"" Star Man said.",res\\image\\vim00.png,,,
31,Vim watched Square Man with curiosity.,res\\image\\vim00.png,res\\image\\hoshiman00.png,,
32,"""It's Square Man. He died, became a ghost, fused with a monster, and turned into a Red Man,"" Star Man explained.",res\\image\\vim00.png,res\\image\\shikakuman02.png,,
33,Vim showed no expression.,res\\image\\vim00.png,res\\image\\hoshiman00.png,,
34,"""Have you heard of Red Men?""",res\\image\\vim00.png,res\\image\\hoshiman00.png,,
35,"""No.""",res\\image\\vim00.png,res\\image\\hoshiman00.png,,
36,"""...""",res\\image\\vim00.png,res\\image\\hoshiman00.png,,
37,"""They say a Red Man dies after a week. Is there any way to save him?""",res\\image\\vim00.png,res\\image\\hoshiman00.png,,
38,"""No.""",res\\image\\vim00.png,res\\image\\hoshiman00.png,,
39,"""...""",res\\image\\vim00.png,res\\image\\hoshiman00.png,,
40,All three lowered their heads.,res\\image\\vim00.png,res\\image\\hoshiman00.png,,
41,Square Man's agony worsened; coughing and retching filled the cave.,res\\image\\hoshiman00.png,res\\image\\sankakuman00.png,,
42,"He panted violently, tears streaming.",res\\image\\hoshiman00.png,res\\image\\shikakuman02.png,,
43,(He probably has about three hours left...),res\\image\\hoshiman00.png,res\\image\\shikakuman02.png,,
44,"""Maybe... we should end his suffering,"" Star Man whispered.",res\\image\\hoshiman00.png,res\\image\\shikakuman02.png,,
45,"""...""",res\\image\\hoshiman00.png,res\\image\\shikakuman02.png,,
46,No one answered.,res\\image\\hoshiman00.png,res\\image\\shikakuman02.png,,
47,Triangle Man hesitated but stepped away from Square Man.,res\\image\\sankakuman00.png,res\\image\\shikakuman02.png,,
48,"Star Man stood, gripping his stone axe with both hands; Square Man lowered his eyes.",res\\image\\sankakuman00.png,res\\image\\shikakuman02.png,,
49,Trapezoid Man and Triangle Man looked away.,res\\image\\sankakuman00.png,res\\image\\shikakuman02.png,,
50,But Star Man couldn't swing and sat back down.,res\\image\\hoshiman00.png,res\\image\\shikakuman02.png,,
51,—,res\\image\\daikeiman00.png,res\\image\\sankakuman00.png,,
52,"A few hours later, Square Man died.",res\\image\\hoshiman00.png,res\\image\\shikakuman02.png,,
53,"He suffered all the way; his shape gradually collapsed, and when he died he turned into red liquid.
For a while the three of them couldn't move.",,,,
54,"""I remember the first time we ate acorns together...""",,,,
55,Star Man recalled giving him an acorn in the Bitnavi Forest.,,,,
56,<Rustle>,res\\image\\hoshiman00.png,,,
57,"""Yo, yo.""",res\\image\\hoshiman00.png,,,
58,A man emerged from the forest—it was Nes.,,,,
59,"""Ohhh (laugh) What's up? (laugh)""",,,,
60,"""...""",,res\\image\\nes00.png,,
61,"""Go away,"" Trapezoid Man said.",,res\\image\\nes00.png,,
62,"""Eeh? (laugh) Why can't I hang out here? (laugh)""",,res\\image\\nes00.png,,
63,"""Square Man is dead..."" Triangle Man said.",res\\image\\daikeiman00.png,res\\image\\nes00.png,,
64,"""Aww, that's soooo sad! (laugh) Boo‑hoo, boo‑hoo! (laugh)""",res\\image\\daikeiman00.png,res\\image\\nes00.png,,
65,"""...""",res\\image\\daikeiman00.png,res\\image\\nes00.png,,
66,"Nes covered his mouth, crouching as though to hide his face.",res\\image\\sankakuman00.png,res\\image\\nes00.png,,
67,"""Nff... nff...""",res\\image\\sankakuman00.png,res\\image\\nes00.png,,
68,"""You...""",res\\image\\sankakuman00.png,res\\image\\nes00.png,,
69,"""Ahahaha! Someone's dead! (laugh) Time to party!
Guess I'll drink all day! (laugh)""",res\\image\\sankakuman00.png,res\\image\\nes00.png,,
70,Nes laughed so hard he fell to his knees.,res\\image\\sankakuman00.png,res\\image\\nes00.png,,
71,"""...""",res\\image\\daikeiman00.png,res\\image\\nes00.png,,
72,"""Why do you laugh?""",res\\image\\daikeiman00.png,res\\image\\nes00.png,,
73,"""Because none of you are actually sad—pretending is hilarious! (laugh)""",res\\image\\daikeiman00.png,res\\image\\nes00.png,,
74,"""Pretending...?""",res\\image\\hoshiman00.png,res\\image\\nes00.png,,
75,"""Obviously you're not sad! (laugh) Anyone can see it's, ahaha, a totally different person!""",res\\image\\hoshiman00.png,res\\image\\nes00.png,,
76,"Nes rolled on the ground, kicking his legs.",res\\image\\hoshiman00.png,res\\image\\nes00.png,,
77,"""Ahahahaha—pff—kuh—ahahaha!""",res\\image\\hoshiman00.png,res\\image\\nes00.png,,
78,"""Do you know why Square Man died?""",res\\image\\hoshiman00.png,res\\image\\nes00.png,,
79,"""Nope! (laugh) Not a clue! (laugh) Why would I know?""",res\\image\\hoshiman00.png,res\\image\\nes00.png,,
80,Star Man straddled Nes; he was laughing too hard to resist.,res\\image\\hoshiman00.png,res\\image\\nes00.png,,
81,"""Tell me what you know.""",res\\image\\hoshiman00.png,res\\image\\nes00.png,,
82,"""I'm telling you, I know nothing—(laugh)!""",res\\image\\hoshiman00.png,res\\image\\nes00.png,,
83,<Bang>,res\\image\\hoshiman00.png,res\\image\\nes00.png,,
84,Star Man punched him and shook his head violently.,res\\image\\hoshiman00.png,res\\image\\nes00.png,,
85,"""TELL ME!!!""",res\\image\\hoshiman00.png,res\\image\\nes00.png,,
86,"""Hey, hey—(laugh) He kept eating even though I told him not to!
I said, 'Those are sago seeds—eat them and you die!'""",res\\image\\hoshiman00.png,res\\image\\nes00.png,,
87,"""He went 'Munch munch, yum yum, sooo tasty!' and kept eating (laugh)""",res\\image\\hoshiman00.png,res\\image\\nes00.png,,
88,"""That's impossible; Square Man knew those berries were lethal!""",res\\image\\hoshiman00.png,res\\image\\nes00.png,,
89,"""Sooo I kept saying, 'Stop right now!' even tried to restrain him, but he kept eating (laugh)""",res\\image\\hoshiman00.png,res\\image\\nes00.png,,
90,"""Maybe the kid was intellectually disabled (laugh).
And hey, this guy's disabled too! (laugh)""",res\\image\\hoshiman00.png,res\\image\\nes00.png,,
91,Nes pointed at Star Man.,res\\image\\hoshiman00.png,res\\image\\nes00.png,,
92,"""Didn't you know? (laugh) His parents are disabled too (laugh)""",res\\image\\hoshiman00.png,res\\image\\nes00.png,,
93,"""Star Man! Stop!""",res\\image\\hoshiman00.png,res\\image\\nes00.png,,
94,At Trapezoid Man's shout Star Man dropped his fist.,res\\image\\hoshiman00.png,res\\image\\nes00.png,,
95,Nes trembled all over despite his joking tone.,res\\image\\hoshiman00.png,res\\image\\nes00.png,,
96,"""Believe me—(laugh) Everyone says it's poison but that's a lie!
He said he'd tell Gain where you were,""",res\\image\\hoshiman00.png,res\\image\\nes00.png,,
97,"""...""",res\\image\\daikeiman00.png,res\\image\\hoshiman00.png,,
98,"""You threatened him: 'Eat or I'll rat you out to Gain,' didn't you?"" Trapezoid Man said.",res\\image\\daikeiman00.png,res\\image\\hoshiman00.png,,
99,"""No, no! (laugh) I begged him, 'Enough, please stop eating!'""",res\\image\\daikeiman00.png,res\\image\\nes00.png,,
100,"""...""",res\\image\\daikeiman00.png,res\\image\\nes00.png,,
101,"""So you kept raising the stakes—'One berry or I tell,' 'Make it two,' 'No, three,' forcing him?""",res\\image\\daikeiman00.png,res\\image\\nes00.png,,
102,"""Stop imagining things! (laugh) I'd never do that!
I just told Gain, 'They're over there—go get 'em!' (laugh)""",res\\image\\daikeiman00.png,res\\image\\nes00.png,,
103,"""After Square Man begged you with his life, you still went to Gain.""",res\\image\\daikeiman00.png,res\\image\\nes00.png,,
104,"""Nope! (laugh) I honored his request!""",res\\image\\daikeiman00.png,res\\image\\nes00.png,,
105,"""...""",res\\image\\daikeiman00.png,res\\image\\nes00.png,,
106,Star Man stood up.,res\\image\\daikeiman00.png,res\\image\\nes00.png,,
107,"""...""",res\\image\\daikeiman00.png,res\\image\\nes00.png,,
108,"""Enough. Leave.""",res\\image\\daikeiman00.png,res\\image\\nes00.png,,
109,"When Star Man said that, Nes stood.",res\\image\\daikeiman00.png,res\\image\\nes00.png,,
110,"""Aww, so cruel, so cruel.""",res\\image\\hoshiman00.png,res\\image\\nes00.png,,
111,"Shaking, Nes waved at Square Man's grave.",res\\image\\hoshiman00.png,res\\image\\nes00.png,,
112,"""Bye‑bye—eat all the sago you want in heaven! (laugh)""",res\\image\\hoshiman00.png,res\\image\\nes00.png,,
113,"""...""",res\\image\\hoshiman00.png,res\\image\\nes00.png,,
114,"""Yay, yay, someone's dead!"" Nes chanted as he skipped into the forest.",res\\image\\hoshiman00.png,res\\image\\nes00.png,,
115,<Thud>,res\\image\\hoshiman00.png,res\\image\\nes00.png,,
116,Trapezoid Man smashed his fist into the ground.,,res\\image\\nes00.png,,
117,"""See? I told you!
If we'd killed Gain, Square Man would still be alive!"" Triangle Man shouted.",,res\\image\\nes00.png,,
118,"""...""",res\\image\\hoshiman00.png,,,
119,"""...""",,res\\image\\nes00.png,,
120,—,,res\\image\\nes00.png,,
121,The three carried the soil soaked with red liquid to the cliff and set a stone as Square Man's grave.,,,,
122,For about a week no one spoke; they quietly worked on the raft.,res\\image\\daikeiman00.png,,,
123,"""It's about what happens after Star Man sets sail..."" Trapezoid Man began.",res\\image\\daikeiman00.png,res\\image\\sankakuman00.png,,
124,"""I've been thinking about when they attack again.""",res\\image\\daikeiman00.png,res\\image\\sankakuman00.png,,
125,"""...""",res\\image\\daikeiman00.png,res\\image\\sankakuman00.png,,
126,"""When it happens—Triangle Man, just run. Plan at least two escape routes.""",res\\image\\daikeiman00.png,res\\image\\hoshiman00.png,,
127,"""Like squeezing between boulders, swimming a river, or setting stepping stones to jump across.
Maybe a Tarzan‑style rope swing.""",res\\image\\daikeiman00.png,res\\image\\hoshiman00.png,,
128,"""Okay.""",,,,
129,"""I'll work on rope tricks—single‑file routes like a Tarzan swing.""",,,,
130,"""...""",,,,
131,"""And let's split our food into three stashes.
We don't know how long we'll be here.""",res\\image\\daikeiman00.png,res\\image\\hoshiman00.png,,
132,"""...""",res\\image\\daikeiman00.png,res\\image\\hoshiman00.png,,
133,"""Sounds good.""",res\\image\\daikeiman00.png,res\\image\\hoshiman00.png,,
134,"From that day on, the three continued building the raft while also creating escape routes and storage caches.",res\\image\\daikeiman00.png,res\\image\\hoshiman00.png,,
135,"""When the time comes... Triangle Man, just run. And think of two escape routes.""",res\\image\\daikeiman00.png,res\\image\\hoshiman00.png,,
136,"""Like squeezing between rocks, swimming the river, or placing stones to jump across.
A Tarzan‑style rope swing could work too.""",res\\image\\daikeiman00.png,res\\image\\hoshiman00.png,,
137,"""Okay.""",res\\image\\daikeiman00.png,res\\image\\hoshiman00.png,,
138,"""I'll handle rope gimmicks—create a Tarzan‑like one‑person escape path.""",res\\image\\daikeiman00.png,res\\image\\hoshiman00.png,,
139,"""...""",res\\image\\daikeiman00.png,res\\image\\hoshiman00.png,,
140,"""And let's cache our food in three different spots.
We don't know how long we'll be stuck here.""",res\\image\\daikeiman00.png,res\\image\\hoshiman00.png,,
141,"""...""",res\\image\\daikeiman00.png,res\\image\\hoshiman00.png,,
142,"""Sounds good.""",res\\image\\daikeiman00.png,res\\image\\hoshiman00.png,,
143,"From that day on, the three kept working on the raft while also building escape routes and food caches.",,,,
