ID,オプション1,オプション2,オプション3,Unnamed: 4,Unnamed: 5
1,"The next day, Star Man went with the kids to the coast where the coconut trees grew.",res\\image\\hoshiman00.png,res\\image\\sankakuman00.png,
2,(…Hmm.),res\\image\\hoshiman00.png,,,
3,"Star Man looked out over the ocean, hoping to spot another island.
But all he could see on the horizon was sky and sea—nothing more.",res\\image\\hoshiman00.png,,,
4,"""I'm going to walk clockwise around the island to see if I can find anything across the water.""",res\\image\\hoshiman00.png,,,
5,"""...Okay.""",res\\image\\sankakuman00.png,res\\image\\shikakuman00.png,,
6,"After parting ways with the kids, Star Man walked counterclockwise along the coast.",,,,
7,"Since the island was mostly mountainous, the only ways to check beyond the sea were to either reach the summit or circle the entire coastline.",,,,
