﻿ID,オプション1,オプション2,オプション3,,
1,"空が暗くなっていた。
ホシマンは早速、火を出す魔法を使い焚火をした。
",res\\image\\hoshiman00.png,,
2,ホシマンは木の実やツタを組み合わせて松明（たいまつ）を自作した。,res\\image\\hoshiman00.png,,,
3,（思ったより難しい・・・）,res\\image\\hoshiman00.png,,,
4,火は弱く、すぐに消えそうだった。,res\\image\\hoshiman00.png,,,
5,（今日はもう帰ろう）,res\\image\\hoshiman00.png,,,
6,ホシマンは廃墟プレシジョンに向かった。,res\\image\\hoshiman00.png,,,
