ID,オプション1,オプション2,オプション3,Unnamed: 4,Unnamed: 5
1,(My head hurts... My nose hurts... And the soles of my feet hurt...),res\\image\\hoshiman00.png,,
2,He kept sitting down and getting up over and over.,res\\image\\hoshiman00.png,,,
3,Star Man sat down and looked at his left arm. It had turned dark red.,res\\image\\hoshiman00.png,,,
4,(It doesn't hurt as bad as it looks.),res\\image\\hoshiman00.png,,,
5,The sound of birds chirping echoed endlessly.,res\\image\\hoshiman00.png,,,
6,"(If only I could catch a bird and eat it... but there's no way.
If I could find a nest and get some eggs, that would be great...)",res\\image\\hoshiman00.png,,,
7,(I've never found a bird's nest in my entire life...),res\\image\\hoshiman00.png,,,
8,Star Man looked up and searched for an acorn tree.,res\\image\\hoshiman00.png,,,
9,"(Most likely... you can't gather acorns all year round,
so eventually I'll have to find other sources of food.
I wonder how long acorns last. They seem like they'd keep well.)",res\\image\\hoshiman00.png,,,
10,(!!),res\\image\\hoshiman00.png,,,
11,"Star Man was hit by a sudden impact—""Boom!""
When he quickly looked around, he saw his own body was on fire.",res\\image\\hoshiman00.png,,,res\\image\\xeoff00.png
12,"""Ugh...!""",res\\image\\hoshiman00.png,,,res\\image\\ghost00.png
13,"Not understanding what was happening, Star Man rolled on the ground.
But even after rolling and covering himself with dirt, the flames wouldn't go out easily. Eventually, they went out on their own.",res\\image\\hoshiman00.png,,,
14,"He suffered severe burns. Smoke was rising from his body.
Star Man couldn't grasp what had happened, but he had a feeling he wouldn't survive.",res\\image\\hoshiman00.png,,,
15,(!?),res\\image\\hoshiman00.png,,,
16,"When he looked around, a semi-transparent humanoid figure was slowly approaching.",,res\\image\\ghost00.png,,
17,"""What the...?""",res\\image\\hoshiman00.png,,,
18,The figure was phasing through trees and rocks as it came toward him.,,res\\image\\ghost00.png,,
19,"Star Man tried to run, but he could barely take a few steps.
His strength gave out quickly, and he collapsed to his knees.",res\\image\\hoshiman00.png,,,
20,"When he looked back, the ghost was slowly drawing closer.",,res\\image\\ghost00.png,,
21,"The ghost reached out its hand.
It seemed like it was about to do something, but Star Man couldn't move at all.
Flames appeared from the ghost's hand, and with a wave, they flew toward Star Man.",,res\\image\\ghost00.png,,
22,Star Man couldn't dodge in time and was engulfed in flames.,res\\image\\hoshiman00.png,,,
23,He collapsed and couldn't move a muscle.,res\\image\\hoshiman00.png,,,
24,(So this is the end...),res\\image\\hoshiman00.png,,,
25,"Star Man closed his eyes.
In the darkness, all he could hear was the sound of his own heartbeat.",res\\image\\hoshiman00.png,,,
26,Star Man recalled events from the company he worked at before quitting.,res\\image\\hoshiman00.png,,,
27,"(No matter what I did... I was a failure... In the end, I never became anything...)",res\\image\\hoshiman00.png,,,
28,—,,,,
29,<Zuuuuuuuuun>,,,,
30,(!?),res\\image\\hoshiman00.png,,,
31,"A dark vortex appeared in front of Star Man, accompanied by a deep rumbling sound.
From within the vortex emerged a figure with the face of an animal skull.
Large horns protruded from the skull.",res\\image\\hoshiman00.png,res\\image\\xeoff00.png,,
32,Star Man wanted to run from the appearance of this new monster(?)—but his body wouldn’t move.,res\\image\\hoshiman00.png,res\\image\\xeoff00.png,,
33,The horned figure reached out a hand.,res\\image\\hoshiman00.png,res\\image\\xeoff00.png,,
34,"""I'll be brief.",res\\image\\hoshiman00.png,res\\image\\xeoff00.png,,
35,"If you make a contract with me, you'll survive and gain immense power.
However, you’ll die in a year. What do you say?""",res\\image\\hoshiman00.png,res\\image\\xeoff00.png,,
36,(?),res\\image\\hoshiman00.png,res\\image\\xeoff00.png,,
37,"""If you make a contract with me, you'll survive and gain immense power.
However, you'll die in a year. What do you say?""",res\\image\\hoshiman00.png,res\\image\\xeoff00.png,,
38,The ghost was drawing nearer.,res\\image\\hoshiman00.png,res\\image\\xeoff00.png,,
39,"""What... is that thing...?""",res\\image\\hoshiman00.png,res\\image\\xeoff00.png,,
40,Star Man forced the words out.,res\\image\\hoshiman00.png,res\\image\\xeoff00.png,,
41,"""It's the ghost of someone who used to live on this island.""",res\\image\\hoshiman00.png,res\\image\\xeoff00.png,,
42,"""If I... make the contract... will these burns... go away...?""",res\\image\\hoshiman00.png,res\\image\\xeoff00.png,,
43,"""They will.""",res\\image\\hoshiman00.png,res\\image\\xeoff00.png,,
44,"""...""",res\\image\\hoshiman00.png,res\\image\\xeoff00.png,,
45,"""I'll make the contract.""",res\\image\\hoshiman00.png,res\\image\\xeoff00.png,,
46,"""The contract is sealed.""",res\\image\\hoshiman00.png,res\\image\\xeoff00.png,,
47,The horned figure took out two small bottles.,res\\image\\hoshiman00.png,res\\image\\xeoff00.png,,
48,"""This is Word Breath. If you drink it, even if you die, you'll come back to life here.""",res\\image\\hoshiman00.png,res\\image\\xeoff00.png,,
49,"""What about my burns...?""",res\\image\\hoshiman00.png,res\\image\\xeoff00.png,,
50,"""Just drinking it won’t heal them... but when you come back to life, they will be healed.""",res\\image\\hoshiman00.png,res\\image\\xeoff00.png,,
51,(So I actually have to die once...),res\\image\\hoshiman00.png,res\\image\\xeoff00.png,,
52,"""Don't worry. Technically, when you're right on the verge of death,
your body will be restored and you'll return here. If you truly die, it won’t work.""",res\\image\\hoshiman00.png,res\\image\\xeoff00.png,,
53,"""Also, each bottle of Word Breath only works once.""",res\\image\\hoshiman00.png,res\\image\\xeoff00.png,,
54,"""Alright... I'll drink one for now...""",res\\image\\hoshiman00.png,res\\image\\xeoff00.png,,
55,The horned figure nodded.,res\\image\\hoshiman00.png,res\\image\\xeoff00.png,,
56,"""...""",res\\image\\hoshiman00.png,res\\image\\xeoff00.png,,
57,"""Want me to help you drink it?""",res\\image\\hoshiman00.png,res\\image\\xeoff00.png,,
58,"""Please...""",res\\image\\hoshiman00.png,res\\image\\xeoff00.png,,
59,"The horned figure opened the Word Breath and poured it into Star Man’s mouth.
Star Man used the last of his strength to swallow it. He felt something take root inside him.",res\\image\\hoshiman00.png,res\\image\\xeoff00.png,,
60,"""From now on, you'll be able to use magic.
Fire, ice, and dark magic. That ghost can only be harmed by dark magic.""",res\\image\\hoshiman00.png,res\\image\\xeoff00.png,,
61,"""Like this.""",,res\\image\\xeoff00.png,,
62,"The horned figure pointed his palm at the ghost.
Black flames surged toward the ghost and struck it directly.
The flames shattered and scattered. The ghost writhed in pain and then vanished.",res\\image\\ghost00.png,res\\image\\xeoff00.png,,
63,"The horned figure looked at Star Man, paused briefly, then formed an ice spear in his hand.",,res\\image\\xeoff00.png,,
64,"""...""",res\\image\\hoshiman00.png,res\\image\\xeoff00.png,,
65,"""Shall I bring you back to life without the pain?""",res\\image\\hoshiman00.png,res\\image\\xeoff00.png,,
66,(...,res\\image\\hoshiman00.png,res\\image\\xeoff00.png,,
67,If I'm not going to survive anyway... if this pain is going to continue...),res\\image\\hoshiman00.png,res\\image\\xeoff00.png,,
68,Star Man no longer had the strength to respond. He gave a faint nod.,,,,
69,<Thud! Thud!>,,,,
70,The ice spear pierced through Star Man’s neck and chest.,,,,
71,"Star Man collapsed to the ground. His eyes stayed open, no longer blinking.",,,,
72,—,,,,
73,Star Man awoke.,res\\image\\hoshiman00.png,,,
74,"In front of him lay the ice spear.
Only the part that had pierced his body was gone.",res\\image\\hoshiman00.png,,,
75,The horned figure stood before him.,res\\image\\hoshiman00.png,res\\image\\xeoff00.png,,
76,(This isn't a dream...),res\\image\\hoshiman00.png,res\\image\\xeoff00.png,,
77,Star Man checked the condition of his body.,res\\image\\hoshiman00.png,res\\image\\xeoff00.png,,
78,(Looks like... everything really is healed.),res\\image\\hoshiman00.png,res\\image\\xeoff00.png,,
79,"""Th-thanks.""",res\\image\\hoshiman00.png,res\\image\\xeoff00.png,,
80,"""You're welcome.""",res\\image\\hoshiman00.png,res\\image\\xeoff00.png,,
81,In Star Man’s hand was another unopened bottle of Word Breath.,res\\image\\hoshiman00.png,res\\image\\xeoff00.png,,
82,(Should I... drink this right now?),res\\image\\hoshiman00.png,res\\image\\xeoff00.png,,
83,"""If I drink the bottle and then die months later, will it still work?""",res\\image\\hoshiman00.png,res\\image\\xeoff00.png,,
84,"""Yes. But if you drink it now, this will be the place you come back to.""",res\\image\\hoshiman00.png,res\\image\\xeoff00.png,,
85,"""I see... So I need to be careful where I drink it.
Can I give it to someone else?""",res\\image\\hoshiman00.png,res\\image\\xeoff00.png,,
86,"""You can, but it only works on the person who made the contract.""",res\\image\\hoshiman00.png,res\\image\\xeoff00.png,,
87,"""...""",res\\image\\hoshiman00.png,res\\image\\xeoff00.png,,
88,Star Man stared at the Word Breath.,res\\image\\hoshiman00.png,res\\image\\xeoff00.png,,
89,(I need to take good care of this last bottle...),res\\image\\hoshiman00.png,res\\image\\xeoff00.png,,
90,"""I once gave about a thousand of them to the islanders.
There should still be some unused Word Breath left out there.""",res\\image\\hoshiman00.png,res\\image\\xeoff00.png,,
91,"""Hmm...""",res\\image\\hoshiman00.png,res\\image\\xeoff00.png,,
92,"""Just so you know... drinking two at once won’t give you more than one revival.""",res\\image\\hoshiman00.png,res\\image\\xeoff00.png,,
93,"""...""",res\\image\\hoshiman00.png,res\\image\\xeoff00.png,,
94,"""Also, you can come back to life even if your head gets blown off.
However, in that case, your skills and memories won’t return.
You won’t know who you are, won’t be able to use a smartphone, or even understand language.""",res\\image\\hoshiman00.png,res\\image\\xeoff00.png,,
95,"""...I see.""",res\\image\\hoshiman00.png,res\\image\\xeoff00.png,,
96,"""That's all.""",res\\image\\hoshiman00.png,res\\image\\xeoff00.png,,
97,The horned figure summoned a dark vortex and began to leave.,res\\image\\hoshiman00.png,res\\image\\xeoff00.png,,
98,"""...Thanks.""",res\\image\\hoshiman00.png,res\\image\\xeoff00.png,,
99,"""You're welcome.""",res\\image\\hoshiman00.png,res\\image\\xeoff00.png,,
100,"""Why did you help me?""",res\\image\\hoshiman00.png,res\\image\\xeoff00.png,,
101,"""Because I want contracts.
There aren’t many people willing to agree to a deal that ends in death after a year.
So naturally, I show up in front of those on the verge of dying.""",res\\image\\hoshiman00.png,res\\image\\xeoff00.png,,
102,"""I see.""",res\\image\\hoshiman00.png,res\\image\\xeoff00.png,,
103,"""Just so you know…",res\\image\\hoshiman00.png,res\\image\\xeoff00.png,,
104," that ghost earlier wasn't working with me.""",res\\image\\hoshiman00.png,res\\image\\xeoff00.png,,
105,"""R-right.""",res\\image\\hoshiman00.png,res\\image\\xeoff00.png,,
106,(Not like I can really check…),res\\image\\hoshiman00.png,res\\image\\xeoff00.png,,
107,"""...Farewell then.""",res\\image\\hoshiman00.png,res\\image\\xeoff00.png,,
108,The horned figure disappeared into the dark vortex.,,,,
109,Star Man walked toward the forest where the acorns had grown.,res\\image\\hoshiman00.png,,,
110,(...Just one year left to live...),res\\image\\hoshiman00.png,,,
111,"Though his body had fully recovered, Star Man felt no motivation.
He sat on a fallen tree and began reflecting on his 27 years of life.",res\\image\\hoshiman00.png,,,
112,(So this is how my life ends...),res\\image\\hoshiman00.png,,,
113,(...),res\\image\\hoshiman00.png,,,
114,(What do I want to do... with the year I have left?),res\\image\\hoshiman00.png,,,
115,"Star Man thought he wanted to help Trapezoid Man and the others escape the island.
Not out of kindness—but because, by process of elimination, it was the only thing he could think of.
He decided to test out the fire and ice magic for the escape.",res\\image\\hoshiman00.png,,,
116,(How do I even use it...?),res\\image\\hoshiman00.png,,,
117,"When he imagined fire coming from his hand, fire actually came out.",res\\image\\hoshiman00.png,,,
118,(Whoa... what the... whoa!),res\\image\\hoshiman00.png,,,
119,"""Hah... hah... hah... hah...""",res\\image\\hoshiman00.png,,,
120,"Star Man felt that using magic tired him out as much as sprinting at full speed.
On top of that, the flame from his hand was as weak as a candle’s.",res\\image\\hoshiman00.png,,,
121,"(If it takes this much energy, it’d be faster just to punch something...)",res\\image\\hoshiman00.png,,,
122,"It felt like it was linked to his physical strength and stamina—the more he used it, the more it exhausted him, but also the stronger it became.",res\\image\\hoshiman00.png,,,
123,(Let’s try the others...),res\\image\\hoshiman00.png,,,
124,"When he imagined ice, a small shard of ice came from his hand.
When he pictured dark flames, black fire appeared.",res\\image\\hoshiman00.png,,,
125,(I've never seen anything like it before. At least now I know what it does.),res\\image\\hoshiman00.png,,,
126,Star Man decided to resume gathering acorns.,res\\image\\hoshiman00.png,,,
127,"(Still just the same cube-shaped monsters.
Before, just standing and walking was all I could manage, but now I'm fully recovered.
Maybe I should try fighting here once. There might be times ahead when I’ll have to fight.)",res\\image\\hoshiman00.png,res\\image\\rippoutai00.png,,
128,Star Man slowly approached and threw a stone.,res\\image\\hoshiman00.png,res\\image\\rippoutai00.png,,
129,"The monster didn’t react even when the stone hit it.
It seemed to be a massive gelatinous creature, weighing several hundred kilograms.
A little stone wouldn’t do any damage.",res\\image\\hoshiman00.png,res\\image\\rippoutai00.png,,
130,"(I'd like to try throwing a heavy rock, but it might bounce back at me...)",res\\image\\hoshiman00.png,res\\image\\rippoutai00.png,,
131,Star Man thought for a moment and came up with a strategy.,res\\image\\hoshiman00.png,res\\image\\rippoutai00.png,,
132,"He lured the monster to a ledge.
The drop was about two meters, forcing the monster to just jump in place.",res\\image\\hoshiman00.png,res\\image\\rippoutai00.png,,
133,"Since it could only move straight ahead, staying on higher ground let him attack it freely from close range.",res\\image\\hoshiman00.png,res\\image\\rippoutai00.png,,
134,"As Star Man kept dropping rocks from the ledge, the monster’s body gradually broke apart and collapsed.",res\\image\\hoshiman00.png,res\\image\\rippoutai00.png,,
135,"Eventually, the monster stopped moving.",res\\image\\hoshiman00.png,res\\image\\rippoutai00.png,,
136,(...),res\\image\\hoshiman00.png,,,
137,"Star Man approached the monster and examined it.
It felt gelatinous, and jiggled when he poked it.",res\\image\\hoshiman00.png,,,
138,(It smells unnatural. Feels dangerous to touch...),res\\image\\hoshiman00.png,,,
139,He decided to wrap part of it in a leaf and take it back with him.,res\\image\\hoshiman00.png,,,
