ID,オプション1,オプション2,オプション3,Unnamed: 4,Unnamed: 5
1,"Star Man returned to the ruin with two coconuts.
He cracked them open and handed them to the man.",res\\image\\hoshiman00.png,,
2,"""Thank you.""",res\\image\\hoshiman00.png,res\\image\\daikeiman00.png,,
3,"""I’ll bring more. Please wait here.""",res\\image\\hoshiman00.png,res\\image\\daikeiman00.png,,
4,(I’ll make a few trips and bring back maybe four of them.),res\\image\\hoshiman00.png,,,
5,Star Man picked up a bag that had fallen to the ground.,res\\image\\hoshiman00.png,,,
6,(Let’s use this.),res\\image\\hoshiman00.png,,,
