﻿ID,オプション1,オプション2,オプション3,Unnamed: 4,Unnamed: 5
1,"Not satisfied with just a few sips, Star Man drank all the rainwater around him.
After that he looked toward where the flying object had been, but he couldn't see it.",,,,
2,(Maybe it was light reflecting off the waves...),res\\image\\hoshiman00.png,,,
3,(I'll sit and rest...),res\\image\\hoshiman00.png,,,
4,One hour later,,,,
5,(Ow... it hurts...),res\\image\\hoshiman00.png,,,
6,"After that, when he sat to rest, he was
immediately struck by stomach pain and had diarrhea.
Even so, his thirst was better than before he drank the rainwater.",res\\image\\hoshiman00.png,,,
7,(My head hurts too... but I can probably move a little.),res\\image\\hoshiman00.png,,,
8,"On the other side of the shore was a forest.
It was untouched by people,
but there was enough space for someone to walk.",res\\image\\hoshiman00.png,,,
9,(I'll head that way.),res\\image\\hoshiman00.png,,,
