﻿ID,Option 1,オプション2,オプション3,,
1,Star Man arrived at Precision.,res\\image\\hoshiman00.png,,
2,"Before heading to the ruins, he went to the spot where they'd hidden their weapons and tools,
and found them just the way they had left them.",res\\image\\hoshiman00.png,,,
3,"The newly crafted weapons and tools had better performance,
but they broke quickly in use, so taking the old ones back might still be worthwhile.",res\\image\\hoshiman00.png,,,
4,Star Man viewed Precision from a distance.,res\\image\\hoshiman00.png,,,
5,"The raft had been destroyed.
He couldn’t tell whether monsters had done it or if wind and rain had naturally broken it down.
Still, he couldn’t shake the feeling that *that man* had smashed it.",res\\image\\hoshiman00.png,,,
6,Star Man crept nervously into Precision.,res\\image\\hoshiman00.png,,,
7,"The interior had been ransacked.
It looked as though that man had gone on a rampage.
Overcome with dread at lingering there, Star Man decided to leave immediately.",res\\image\\hoshiman00.png,,,
