ID,オプション1,オプション2,オプション3,Unnamed: 4,Unnamed: 5
1,"Carefully avoiding the cube-shaped monsters,
Star Man had spent about three hours walking, resting, and walking again.
By then, he was too exhausted to keep going.",res\\image\\hoshiman00.png,,
2,"As Star Man sat down, too tired to move, he noticed something moving near a distant rock.
Looking more closely, it seemed to be two children.",res\\image\\hoshiman00.png,,,
3,(I hope those aren’t monsters too...),res\\image\\hoshiman00.png,,,
4,"""Hey!""
Star Man waved and headed toward the children.",res\\image\\hoshiman00.png,,,
5,"The children remained seated, whispering to each other.",,res\\image\\sankakuman00.png,,
6,(Let’s go check it out.),res\\image\\hoshiman00.png,res\\image\\sankakuman00.png,,
