ID,オプション1,オプション2,オプション3,Unnamed: 4,Unnamed: 5
1,The red object turned out to be a skeleton.,res\\image\\hoshiman00.png,,
2,"(It’s probably one of the islanders...
I’d like to examine the body, but...)",,,,
3,"Even though it was just bones, touching a human corpse was terrifying.
(Coming all this way was hard... but I have to do it now.)
Star Man steeled himself and examined the remains.",res\\image\\hoshiman00.png,,,
4,(What’s this...?),res\\image\\hoshiman00.png,,,
5,"The person’s belongings included two maps.
One appeared to be a map of this island.
It didn’t show the current location, but based on his travels so far, he could roughly guess it.",res\\image\\hoshiman00.png,,,
6,"He also found a map showing the Ladeon Federation, the Zeefolk Republic, and this island.",res\\image\\hoshiman00.png,,,
7,"(Looks like this island is called Prolitan Island. I’ll show everyone later.
The nearest country, the Zeefolk Republic, is about 100 km away.
No way I can swim that far...)",res\\image\\hoshiman00.png,,,
8,[Map information in the menu has been updated.],,,,
