﻿ID,オプション1,オプション2,オプション3,,
1,"立方体状のモンスターに注意しながら、
歩いて座って歩いてを繰り返し３時間くらい経過したころ、
ホシマンは疲労で歩けなくなっていた。",res\\image\\hoshiman00.png,,
2,"座り込んで動けなくなっていたところ、ホシマンは遠くの岩に動くものを見つけた。
注意深く見てみると子供が二人いるようだった。",res\\image\\hoshiman00.png,,,
3,（あれもモンスターじゃないだろうな・・・）,res\\image\\hoshiman00.png,,,
4,"「おーい」
ホシマンは手を振って子供たちの方に向かった。",res\\image\\hoshiman00.png,,,
5,子供たちはその場に座ったまま、ひそひそ話していた。,,res\\image\\sankakuman00.png,,
6,（行ってみよう）,res\\image\\hoshiman00.png,res\\image\\sankakuman00.png,,
