﻿ID,Option 1,オプション2,オプション3
1,Star Man boarded the raft and began rowing toward the Geefork Republic.,res\\image\\hoshiman00.png,
2,"Three hours later the shore was gone; sea spread in every direction. To Star Man
the ocean felt not like a rich cradle but a realm of death.",res\\image\\hoshiman00.png,
3,"If he over‑exerted he'd collapse, so he kept rowing with brief pauses. Soaked
and pitching, he couldn't sleep—if he did he'd drift—so he chose to row on
without rest.",res\\image\\hoshiman00.png,
