﻿ID,オプション1,オプション2,オプション3,,
1,ホシマンはバーチャルベックス港跡に向かっていた。,res\\image\\hoshiman00.png,,
2,"距離的に日帰りは難しく、野宿が必須だったため、
そのための荷物を持ってきていた。",res\\image\\hoshiman00.png,,,
3,遠くにバーチャルベックス港跡が見えた。港跡に人の姿はなかった。,res\\image\\hoshiman00.png,,,
4,（出来ればネスという人物に会いたくない）,res\\image\\hoshiman00.png,,,
5,ホシマンは用心しながらバーチャルベックスに入っていった。,res\\image\\hoshiman00.png,,,
6,ホシマンは民家の倉庫で丸い球を見つけた。,res\\image\\hoshiman00.png,,,
7,"（なんていう名前なのかわからないが、漁師が漁でよく使うやつだ。
　これをつければ、イカダの耐久度が上げられそうだ）",res\\image\\hoshiman00.png,,,
8,ホシマンはブイを手に取った。,res\\image\\hoshiman00.png,,,
9,（一度に持っていける数には限りがある・・・）,res\\image\\hoshiman00.png,,,
10,バーチャルベックス港跡は無人であったが人のいる形跡はあった。,res\\image\\hoshiman00.png,,,
11,＜カタ＞,res\\image\\hoshiman00.png,,,
12,どこかで物音がした。,res\\image\\hoshiman00.png,,,
13,恐る恐る、そちらの方に行くと人が隠れているようだった。,res\\image\\hoshiman00.png,,,
14,「誰かいるのか・・・？」,res\\image\\hoshiman00.png,,,
15,「・・・」,res\\image\\hoshiman00.png,,,
16,返事はなかった。,res\\image\\hoshiman00.png,,,
17,（！）,res\\image\\hoshiman00.png,,,
18,「ォオオオオォオオオオ・・・」,res\\image\\hoshiman00.png,,,
19,別の方角から亡霊が現れた。亡霊は猛烈に太っていた。,res\\image\\hoshiman00.png,res\\image\\noble00.png,,
20,（・・・）,res\\image\\hoshiman00.png,,,
21,（ダイケイマンが言っていたノーブルの特徴と一致している・・・）,res\\image\\hoshiman00.png,,,
22,亡霊は浮遊しながらこちらに向かってきた。,res\\image\\hoshiman00.png,res\\image\\noble00.png,,
23,"（戦わずに逃げるか・・・？
　しかし船の材料を回収しに何度もここには来たい・・・）",res\\image\\hoshiman00.png,res\\image\\noble00.png,,
24,"以前戦った亡霊は明確に攻撃の意図があった。
しかしこの亡霊は煩悩的に近づいてきているだけのようだった。",res\\image\\hoshiman00.png,res\\image\\noble00.png,,
25,（魔法攻撃をしてくる気配がない・・・）,res\\image\\hoshiman00.png,res\\image\\noble00.png,,
26,亡霊の動きはのろく、歩いていれば追いつかれることはなかった。,res\\image\\hoshiman00.png,res\\image\\noble00.png,,
27,＜ボゥ＞,res\\image\\hoshiman00.png,res\\image\\noble00.png,,
28,"ホシマンは黒い炎を出現させ敵の方に投げつけた。
亡霊は立ち止まり炎の方を見ていた。
やがて炎と亡霊が接触すると、亡霊は燃え上がった。",res\\image\\hoshiman00.png,res\\image\\noble00.png,,
29,亡霊はもがいていて、苦しんでいるようだった。,res\\image\\hoshiman00.png,res\\image\\noble00.png,,
30,ホシマンは様子を見ていたが何も起きずに亡霊はそのまま燃え尽きて消滅した。,res\\image\\hoshiman00.png,,,
31,「あーあ・・・殺しちゃったよ（笑）」,res\\image\\hoshiman00.png,,,
32,"ニヤニヤと笑う男がいた。ガリガリの男だった。
脚はガタガタと震えていた。",res\\image\\hoshiman00.png,res\\image\\nes00.png,,
33,「・・・」,res\\image\\hoshiman00.png,res\\image\\nes00.png,,
34,「お前がネス、という男か？」,res\\image\\hoshiman00.png,res\\image\\nes00.png,,
35,"「いえいえ！　違いますよ（笑）誰ですかそれ（笑）
　そんな人聞いたことないです（笑）」",res\\image\\hoshiman00.png,res\\image\\nes00.png,,
36,男は襟を直した。,res\\image\\hoshiman00.png,res\\image\\nes00.png,,
37,「・・・」,res\\image\\hoshiman00.png,res\\image\\nes00.png,,
38,「名前を教えてくれるか？」,res\\image\\hoshiman00.png,res\\image\\nes00.png,,
39,"「さぁ～。わかりませんねぇ～。忘れちゃったんで（笑）
　名前が初めからなかったんで（笑）」",res\\image\\hoshiman00.png,res\\image\\nes00.png,,
40,「・・・」,res\\image\\hoshiman00.png,res\\image\\nes00.png,,
41,「さっき倒した亡霊はノーブルという男か」,res\\image\\hoshiman00.png,res\\image\\nes00.png,,
42,「いや～。わかりませんなぁ～（笑）そんなのいました？（笑）」,res\\image\\hoshiman00.png,res\\image\\nes00.png,,
43,男は襟を立ててから襟を直した。,res\\image\\hoshiman00.png,res\\image\\nes00.png,,
44,「・・・」,res\\image\\hoshiman00.png,res\\image\\nes00.png,,
45,「・・・」,res\\image\\hoshiman00.png,res\\image\\nes00.png,,
46,「お前はここで何をしている」,res\\image\\hoshiman00.png,res\\image\\nes00.png,,
47,「いや～。えーと、強盗殺人をやってました（笑）」,res\\image\\hoshiman00.png,res\\image\\nes00.png,,
48,「・・・」,res\\image\\hoshiman00.png,res\\image\\nes00.png,,
49,「強盗殺人？」,res\\image\\hoshiman00.png,res\\image\\nes00.png,,
50,"「この辺にいた人たちをですね～みーんな殺して、
　お金を巻き上げて死体をバラバラにして埋めたんですわ～（笑）
　あぁ～最高だった～（笑）」",res\\image\\hoshiman00.png,res\\image\\nes00.png,,
51,「・・・」,res\\image\\hoshiman00.png,res\\image\\nes00.png,,
52,"ホシマンは周りを見渡したが、
数十年以上経過した廃墟でありそのような凄惨な現場とはかけ離れていた。",res\\image\\hoshiman00.png,res\\image\\nes00.png,,
53,「嘘ついてるだろ。どこでやったのか言ってみろ」,res\\image\\hoshiman00.png,res\\image\\nes00.png,,
54,"「いや～とんでもな～い（笑）本当ですよぉ～（笑）
　どこでやったかはちょっと教えらえませんなぁ～」",res\\image\\hoshiman00.png,res\\image\\nes00.png,,
55,男はまた襟を立ててから襟を直した。足がガタガタと震えていた。,res\\image\\hoshiman00.png,res\\image\\nes00.png,,
56,（彼は手で何かをいじりながらじゃないと話せないようだ）,res\\image\\hoshiman00.png,res\\image\\nes00.png,,
57,"「企業秘密なんで（笑）いや～人の死体沢山見れたの最高だったなぁ～（笑）
　これから毎日宴会しないとなぁ～（笑）」",res\\image\\hoshiman00.png,res\\image\\nes00.png,,
58,「そんな危険な奴なら、生かしておけないな」,res\\image\\hoshiman00.png,res\\image\\nes00.png,,
59,ホシマンは石斧を構えた。,res\\image\\hoshiman00.png,res\\image\\nes00.png,,
60,"「ちょっとぉ～嘘に決まってるじゃないですか～（笑）
　いや～君ちょっと変わってるわ（笑）」",res\\image\\hoshiman00.png,res\\image\\nes00.png,,
61,「・・・」,res\\image\\hoshiman00.png,res\\image\\nes00.png,,
62,"「よく人から嫌われるでしょ（笑）
　頭がおめでたすぎて言葉が通じないって言われませんか？（笑）」",res\\image\\hoshiman00.png,res\\image\\nes00.png,,
63,「・・・」,res\\image\\hoshiman00.png,res\\image\\nes00.png,,
64,「・・・（笑）」,res\\image\\hoshiman00.png,res\\image\\nes00.png,,
65,男は勝ち誇ったようにホシマンの方を笑顔で見ていた。,res\\image\\hoshiman00.png,res\\image\\nes00.png,,
66,「最初に戻るが、お前の名前は『ネス』か？」,res\\image\\hoshiman00.png,res\\image\\nes00.png,,
67,「えぇ～誰ですかぁ～ネスってぇ～（笑）」,res\\image\\hoshiman00.png,res\\image\\nes00.png,,
68,「じゃあなんという名前だ」,res\\image\\hoshiman00.png,res\\image\\nes00.png,,
69,"「いや～それはそちらが名乗ってからじゃないですかぁ～？（笑）
　なぁ～んで私だけ教えてあげないといけないんですかぁ～？（笑）」",res\\image\\hoshiman00.png,res\\image\\nes00.png,,
70,「私はホシマンだ」,res\\image\\hoshiman00.png,res\\image\\nes00.png,,
71,"「えぇ～ホシマン～？　いや～初めて聞きましたよ、そんな変な名前（笑）
　あなたの両親、絶対障碍者でしょ（笑）ぴーぽーぴーぽー（笑）」",res\\image\\hoshiman00.png,res\\image\\nes00.png,,
72,「・・・」,res\\image\\hoshiman00.png,res\\image\\nes00.png,,
73,「で、お前はなんていう名前なんだ？」,res\\image\\hoshiman00.png,res\\image\\nes00.png,,
74,「え（笑）なんで言わないといけないんですか？（笑）」,res\\image\\hoshiman00.png,res\\image\\nes00.png,,
75,「おい・・・」,res\\image\\hoshiman00.png,res\\image\\nes00.png,,
76,"「そんな約束してないですよ（笑）あなたが勝手に名乗ったんじゃないですか（笑）
　あ、思い出しました。私の名前、ホシマンっていうんですよ（笑）」",res\\image\\hoshiman00.png,res\\image\\nes00.png,,
77,「・・・」,res\\image\\hoshiman00.png,res\\image\\nes00.png,,
78,「いや～変な名前で困っちゃうなぁ～（笑）大変だったよ～（笑）」,res\\image\\hoshiman00.png,res\\image\\nes00.png,,
79,「・・・」,res\\image\\hoshiman00.png,res\\image\\nes00.png,,
80,「なんというか・・・お邪魔した」,res\\image\\hoshiman00.png,res\\image\\nes00.png,,
81,ホシマンは振り返り、プレシジョンの方へ歩き出した。,res\\image\\hoshiman00.png,res\\image\\nes00.png,,
82,（ここに来るたびこいつと遭遇する可能性があるのか・・・）,res\\image\\hoshiman00.png,res\\image\\nes00.png,,
83,"「あーあ！　やっといなくなってくれた（笑）
　ふーぅ障碍者の相手するの疲れたなぁ～（笑）
　助かった～（笑）お達者でぇ～（笑）」",res\\image\\hoshiman00.png,res\\image\\nes00.png,,
84,ホシマンは無視して歩き続けた。,res\\image\\hoshiman00.png,res\\image\\nes00.png,,
85,「あ！　ブイが盗まれてるぅ～！」,res\\image\\hoshiman00.png,res\\image\\nes00.png,,
86,ホシマンは立ち止った。,res\\image\\hoshiman00.png,res\\image\\nes00.png,,
87,「・・・」,res\\image\\hoshiman00.png,res\\image\\nes00.png,,
88,「いや～困るなぁ～」,res\\image\\hoshiman00.png,res\\image\\nes00.png,,
89,「どう困るんだ」,res\\image\\hoshiman00.png,res\\image\\nes00.png,,
90,「大量殺人をするのに必要なんですよ（笑）」,res\\image\\hoshiman00.png,res\\image\\nes00.png,,
91,「これを？　どうやって大量殺人に使うんだ」,res\\image\\hoshiman00.png,res\\image\\nes00.png,,
92,"「いや～それは教えられないなぁ～（笑）
　なんで障碍者のあなたに教えてあげないといけないですか（笑）」",res\\image\\hoshiman00.png,res\\image\\nes00.png,,
93,「・・・」,res\\image\\hoshiman00.png,res\\image\\nes00.png,,
94,「私が障碍者というのは一体どこからわいて出てきたんだ」,res\\image\\hoshiman00.png,res\\image\\nes00.png,,
95,"「いや～だってあなたのご両親、精神障碍者なんでしょ？（笑）
　じゃ～その子供であるあなたも精神障碍者でしょ（笑）
　実際にブイを盗んで持ち去ろうとしてるし（笑）」",res\\image\\hoshiman00.png,res\\image\\nes00.png,,
96,「・・・」,res\\image\\hoshiman00.png,res\\image\\nes00.png,,
97,"「あなたのご両親を殺すのにも使えますよ（笑）
　人がたくさん死ぬと最高や～（笑）」",res\\image\\hoshiman00.png,res\\image\\nes00.png,,
98,"とうとう男は腹を抱えて地面に座り込んだ。
そして足をバタつかせながら地面を叩いて笑い始めた。",res\\image\\hoshiman00.png,res\\image\\nes00.png,,
99,「・・・そうか・・・」,res\\image\\hoshiman00.png,res\\image\\nes00.png,,
100,ホシマンはバーチャルベックス港跡を立ち去った。,res\\image\\hoshiman00.png,,,
101,"（葬式で爆笑してしまう人が世の中にはいるんだった。
　しばらくそういう人と接する機会がなかったから忘れていた・・・）",res\\image\\hoshiman00.png,,,
102,ホシマンは怒りでも恐怖でもなく、未知との遭遇の衝撃に震えが止まらなかった。,res\\image\\hoshiman00.png,,,
