ID,オプション1,オプション2,オプション3,Unnamed: 4,Unnamed: 5
1,The sky had grown dark. Star Man quickly used his fire magic to start a campfire.,res\\image\\hoshiman00.png,,
2,Star Man crafted a makeshift torch using berries and vines.,res\\image\\hoshiman00.png,,,
3,(Harder than I thought...),res\\image\\hoshiman00.png,,,
4,The flame was weak and looked like it would go out at any moment.,res\\image\\hoshiman00.png,,,
5,(I’ll just head back for today.),res\\image\\hoshiman00.png,,,
6,Star Man headed toward the ruins of Precision.,res\\image\\hoshiman00.png,,,
