﻿ID,オプション1,オプション2,オプション3,Unnamed: 4,Unnamed: 5
1,"Hours later, toward evening, Star Man woke to pain all over his body.
A fatigue he had never felt, thirst, a headache, and pain in his skin assaulted him.",res\\image\\hoshiman00.png,,,
2,(Someone... anyone...),res\\image\\hoshiman00.png,,,
3,"Star Man remembered when he came to this island, riding on the wreckage.",res\\image\\hoshiman00.png,,,
4,(Before I collapsed I caught a glimpse—didn't feel like anyone was here.),res\\image\\hoshiman00.png,,,
5,Thinking that made Star Man feel even worse.,res\\image\\hoshiman00.png,,,
6,(Water... water...),res\\image\\hoshiman00.png,,,
