﻿ID,オプション1,オプション2,オプション3,Unnamed: 4,Unnamed: 5
1,"The next day, Star Man went with the children to the beach where coconut trees grew.",res\\image\\hoshiman00.png,res\\image\\sankakuman00.png,,
2,(...hmm.),res\\image\\hoshiman00.png,,,
3,"Star Man looked to see if there was an island beyond the sea.
But on the horizon there was only sky and sea—nothing else.",res\\image\\hoshiman00.png,,,
4,"""I'll walk clockwise around the island and see if there's an island beyond the sea.""",res\\image\\hoshiman00.png,,,
5,"""...Okay.""",res\\image\\sankakuman00.png,res\\image\\shikakuman00.png,,
6,"Parting with the children, Star Man walked counterclockwise along the shore.",,,,
7,"Because the island was largely mountainous, to see beyond the sea he had to either go up to the summit,
or walk all the way around the coast.",,,,
