﻿ID,オプション1,オプション2,オプション3,,
1,"ホシマンは、二つのココナッツをもって廃墟に戻った。
ホシマンはココナッツを割って男に渡した。",res\\image\\hoshiman00.png,,
2,「ありがとう」,res\\image\\hoshiman00.png,res\\image\\daikeiman00.png,,
3,「もっと持ってくる。待っていてくれ」,res\\image\\hoshiman00.png,res\\image\\daikeiman00.png,,
4,（何度か往復して４個くらい持ってこよう）,res\\image\\hoshiman00.png,,,
5,ホシマンは、地面に落ちていた袋を拾った。,res\\image\\hoshiman00.png,,,
6,（これを使おう）,res\\image\\hoshiman00.png,,,
