﻿ID,オプション1,オプション2,オプション3,background,bgm
1,"２か月後、イカダ制作の完成が近づいてきていた。
イカダには帆がつけられ、追い風であれば
推力を得ることができるようになっていた。",,,,
2,向かい風でも船を前進させる方法があるが、３人は知らなかった。,,,,
3,"存在することを知らなかったため、
調べようという発想に至ることができなかった。",,,,
4,あの日以来、ネスとガインは現れなかった。,,,,
