﻿ID,オプション1,オプション2,オプション3
1,ホシマンとサンカクマンとシカクマンは川にイカダを浮かべた。,res\\image\\hoshiman00.png,res\\image\\sankakuman00.png
2,「よし・・・」,res\\image\\hoshiman00.png,res\\image\\sankakuman00.png
3,"ホシマンは慎重にイカダの上に乗った。
イカダは沈むことなく持ちこたえた。",res\\image\\hoshiman00.png,res\\image\\sankakuman00.png
4,「イェーイ！！」,res\\image\\daikeiman00.png,
5,ダイケイマンが叫んだ。両腕を掲げてガッツポーズしていた。,res\\image\\daikeiman00.png,
6,"ロープを縛るには知識が必要だったが、誰も知らなかった。
ホシマンたちはとにかく沢山巻くことにした。",,
7,"イカダはすぐには壊れはしなかったものの、
徐々に沈んでいってしまうようだった。",,
8,"（どんなに頑張っても３日くらいで沈んでしまう気がする。
　もしかして沈まないイカダは作れないのか？
　沈みにくいイカダを作って、沈む前に隣の島にたどり着くしかないのかもしれない）",res\\image\\hoshiman00.png,
