﻿ID,オプション1,オプション2,オプション3,Unnamed: 4,Unnamed: 5
1,"As Star Man and the others kept walking, ruins came into view.",,,,
2,"(I didn't notice last time, but the entrance says ""Precision"".)",res\\image\\hoshiman00.png,,,
3,Star Man turned to the children and pointed at the ruins.,res\\image\\hoshiman00.png,,,
4,"""That's the building I mentioned earlier.""",res\\image\\hoshiman00.png,,,
5,"""Whoa.""",res\\image\\sankakuman00.png,res\\image\\shikakuman00.png,,
6,"""The person I talked about is in there.
After we go to the coconut trees, we'll go see him.""",res\\image\\hoshiman00.png,,,
7,"""Okay.""",res\\image\\sankakuman00.png,res\\image\\shikakuman00.png,,
8,The three passed in front of Precision and headed toward the coconut trees.,,,,
