﻿ID,オプション1,オプション2,オプション3,,
1,「こんばんは」,res\\image\\hoshiman00.png,,
2,ホシマンはダイケイマンに挨拶した。,res\\image\\hoshiman00.png,,,
3,「お、おぅ。いいもん持ってるじゃん（笑）」,res\\image\\hoshiman00.png,res\\image\\daikeiman00.png,,
4,先端が燃えている木の棒を見てダイケイマンは言った。,res\\image\\hoshiman00.png,res\\image\\daikeiman00.png,,
5,"「どうも。ドングリを持ってきた。
　あと話があるので子供たちを連れてきていいか？」",res\\image\\hoshiman00.png,res\\image\\daikeiman00.png,,
6,「お・・・おう・・・」,res\\image\\hoshiman00.png,res\\image\\daikeiman00.png,,
7,「じゃあ・・・、さきにまずはこれを・・・」,res\\image\\hoshiman00.png,res\\image\\daikeiman00.png,,
8,"ホシマンは、袋からドングリを出してダイケイマンの近くに置いた。
そのあと、ホシマンは自分の部屋に行った。",res\\image\\hoshiman00.png,,,
