﻿ID,オプション1,オプション2,オプション3,,
1,ホシマンたちが歩き続けると廃墟が見えてきた。,,,
2,（前来たときは気づかなかったけど、入口に「プレシジョン」と書いてあったのか）,res\\image\\hoshiman00.png,,,
3,ホシマンは子供たちの方を向いて、廃墟を指さした。,res\\image\\hoshiman00.png,,,
4,「あれがさっき言ってた建物」,res\\image\\hoshiman00.png,,,
5,「ほー」,res\\image\\sankakuman00.png,res\\image\\shikakuman00.png,,
6,"「あの中にさっき話した人がいる。
　ココナッツの木のところに行った後、会いに行こう」",res\\image\\hoshiman00.png,,,
7,「はーい」,res\\image\\sankakuman00.png,res\\image\\shikakuman00.png,,
8,３人はプレシジョンの前を通って、ココナッツの木の方に行った。,,,,
