ID,オプション1,オプション2,オプション3,Unnamed: 4,Unnamed: 5
1,"As Star Man and the others kept walking, a ruin came into view.",,,
2,"(I didn’t notice it before, but the entrance says “Precision.”)",res\\image\\hoshiman00.png,,,
3,Star Man turned to the children and pointed at the ruin.,res\\image\\hoshiman00.png,,,
4,That’s the building I mentioned earlier.,res\\image\\hoshiman00.png,,,
5,Ohh.,res\\image\\sankakuman00.png,res\\image\\shikakuman00.png,,
6,"The person I talked about is inside that building.
Let’s visit them after we check the coconut trees.",res\\image\\hoshiman00.png,,,
7,Okaaay.,res\\image\\sankakuman00.png,res\\image\\shikakuman00.png,,
8,The three of them passed by Precision and headed toward the coconut trees.,,,,
