﻿ID,オプション1,オプション2,オプション3,Unnamed: 4,Unnamed: 5
1,"""Good evening.""",res\\image\\hoshiman00.png,,,
2,Star Man greeted Trapezoid Man.,res\\image\\hoshiman00.png,,,
3,"""O-oh. You've got something nice there (laughs).""",res\\image\\hoshiman00.png,res\\image\\daikeiman00.png,,
4,"Seeing the wooden stick with its tip burning, Trapezoid Man said.",res\\image\\hoshiman00.png,res\\image\\daikeiman00.png,,
5,"""Hey. I brought acorns.
Also, I have something to talk about—may I bring the kids?""",res\\image\\hoshiman00.png,res\\image\\daikeiman00.png,,
6,"""O... okay...""",res\\image\\hoshiman00.png,res\\image\\daikeiman00.png,,
7,"""Then... first, this...""",res\\image\\hoshiman00.png,res\\image\\daikeiman00.png,,
8,"Star Man took acorns out of the bag and set them near Trapezoid Man.
After that, Star Man went to his room.",res\\image\\hoshiman00.png,,,
