﻿ID,オプション1,オプション2,オプション3,,
1,"ホシマンは目を覚ました。
数時間経過しているようだった。",res\\image\\hoshiman00.png,,
2,"（あぁ・・・そうだ。無人島に来てるんだった・・・。
　夕方なのか？　いや朝方なのか？　全身が痛い・・・）",res\\image\\hoshiman00.png,,,
3,"日焼けと筋肉痛でホシマンの体はボロボロだった。
ホシマンは気力を振り絞って立ち上がった。",res\\image\\hoshiman00.png,,,
4,（みず・・・）,res\\image\\hoshiman00.png,,,
5,ホシマンは海の方を見た。,res\\image\\hoshiman00.png,,,
6,"（昨日は岩場に雨水が貯まってたけど、いつでもあるわけじゃない・・・。何か考えないと・・・。
　・・・。
　川を探してみよう）",res\\image\\hoshiman00.png,,,
7,ホシマンは周囲を見渡すが川は見当たらなかった。,res\\image\\hoshiman00.png,,,
8,（森の中に、道のようなものが見える）,res\\image\\hoshiman00.png,,,
9,ホシマンは森の中の道を進んでみることにした。,res\\image\\hoshiman00.png,,,
