﻿ID,オプション1,オプション2,オプション3
1,"Star Man decided to try making a torch.
Nights on the uninhabited island were very dark and dangerous.",res\\image\\hoshiman00.png,
2,Star Man improvised a torch by combining nuts and vines.,res\\image\\hoshiman00.png,
3,(Harder than I thought...),res\\image\\hoshiman00.png,
4,The flame was weak and looked about to go out.,res\\image\\hoshiman00.png,
5,(I'll head back for today.),res\\image\\hoshiman00.png,
6,"Star Man headed for the ruins, Precision.",res\\image\\hoshiman00.png,
