ID,オプション1,オプション2,オプション3,Unnamed: 4,Unnamed: 5
1,"Just a little water wasn’t enough—Star Man drank all the rainwater around him.
After that, he looked toward where the flying object had been, but it was nowhere to be seen.",,,,
2,(Maybe it was just the sunlight reflecting off the waves...),res\\image\\hoshiman00.png,,,
3,(I should sit down and rest...),res\\image\\hoshiman00.png,,,
4,One hour later,,,,
5,(Ow... it hurts...),res\\image\\hoshiman00.png,,
6,"As soon as he sat down to rest, he was struck by stomach pain and had diarrhea.",res\\image\\hoshiman00.png,,,
7,"(Even so, I feel better than before I drank...)",res\\image\\hoshiman00.png,,,
8,(My head hurts too... but I think I can move a little.),res\\image\\hoshiman00.png,,,
9,"On the opposite side of the beach, there was a forest.",res\\image\\hoshiman00.png,,,
