ID,オプション1,オプション2,オプション3,Unnamed: 4,Unnamed: 5
1,"A few hours later, in the evening, Star Man awoke from the intense pain throughout his body. He was overwhelmed by an exhaustion he'd never felt before—his throat was parched, his head throbbed, and his skin burned.",res\\image\\hoshiman00.png,,
2,(Someone... anyone...),res\\image\\hoshiman00.png,,,
3,"Star Man remembered how he had arrived on this island, clinging to the wreckage.",res\\image\\hoshiman00.png,,,
4,"(I caught a glimpse before I collapsed, but it didn't feel like anyone was here...)",res\\image\\hoshiman00.png,,,
5,The thought made Star Man feel even worse.,res\\image\\hoshiman00.png,,,
6,(Water... I need water...),res\\image\\hoshiman00.png,,,
