﻿ID,オプション1,オプション2,オプション3,,
1,"少し水を飲んだ程度では飲み足りず、ホシマンは周りにある雨水をすべて飲んだ。
そのあとで先ほどの飛行物体の方を見たが見当たらなかった。",,,,
2,（波に光が反射していたのかもしれない・・・）,res\\image\\hoshiman00.png,,,
3,（座って休もう・・・）,res\\image\\hoshiman00.png,,,
4,１時間後,,,,
5,（い・・・痛い・・・）,res\\image\\hoshiman00.png,,
6,"その後、座って休むと早速腹痛に襲われ下痢をした。
それでも、雨水を飲む前より喉の渇きはマシになっていた。",res\\image\\hoshiman00.png,,,
7,（頭も痛い・・・。しかし少しは動けそうだ）,res\\image\\hoshiman00.png,,,
8,"海の反対側は森になっていた。
森は人の手が入っていない状態であったが人が歩く程度の隙間はあった。",res\\image\\hoshiman00.png,,,
9,（あちらの方に行ってみよう）,res\\image\\hoshiman00.png,,,
