﻿ID,オプション1,オプション2,オプション3
1,ホシマンはイカダに乗り込みジーフォーク共和国に向かって漕いでいた。,res\\image\\hoshiman00.png,
2,"３時間後、陸地は見えなくなり全方位が海だけになった。
このときホシマンは海が美しく豊かなものではなく死の世界に感じた。",res\\image\\hoshiman00.png,
3,"飛ばしすぎると力尽きてしまう。休憩をはさみながら漕ぎ続けた。
常に濡れた状態であり、揺れるため寝ることはできなかった。
それに寝たら流されてしまうため寝ずに漕ぎ続けることにした。",res\\image\\hoshiman00.png,
