﻿ID,オプション1,オプション2,オプション3,,
1,１か月後。,,,
2,"ホシマンたちがダイレクトネクス海岸洞窟に
引っ越してから１か月が経過した。",res\\image\\hoshiman00.png,,,
3,"これまでの知識の蓄積があったため、すぐに生活は安定するようになった。
生活に余裕が出てきたころ、
ホシマンはプレシジョン廃墟に行ってみることにした。",res\\image\\hoshiman00.png,,,
4,"武器や道具の回収が目的だったが、
実際には武器や道具は作り直すことができるため回収する必要はなかった。
以前のすみかが、どうなっているか、ホシマンは見てみたかったのだった。",res\\image\\hoshiman00.png,,,
