ID,オプション1,オプション2,オプション3,Unnamed: 4,Unnamed: 5
1,Star Man looked ahead and saw a cylindrical object approaching him.,res\\image\\enchuu00.png,,
2,"(Oh no. That’s a monster too, isn’t it?)",res\\image\\enchuu00.png,res\\image\\hoshiman00.png,,
3,"Since the monsters usually remain completely still, they’re hard to spot. You only notice them once they start moving.",res\\image\\enchuu00.png,res\\image\\hoshiman00.png,,
4,(This time it’s shaped like a cylinder...),res\\image\\enchuu00.png,res\\image\\hoshiman00.png,,
5,"The monster was about the same size as the cubes, but cylindrical.",res\\image\\enchuu00.png,res\\image\\hoshiman00.png,,
6,(Should I try fighting it...?),res\\image\\enchuu00.png,res\\image\\hoshiman00.png,,
7,Star Man readied his stone spear.,res\\image\\enchuu00.png,res\\image\\hoshiman00.png,,
8,"For the past week, Star Man had been living on the run from monsters.
Among them, he especially had to dodge projectiles thrown by disc-shaped enemies,
which had honed his reflexes to a sharp edge.",res\\image\\enchuu00.png,res\\image\\hoshiman00.png,,
9,<Zaaa!>,res\\image\\enchuu00.png,res\\image\\hoshiman00.png,,
10,(!!),res\\image\\enchuu00.png,res\\image\\hoshiman00.png,,
11,The cylindrical monster charged like a bull.,res\\image\\enchuu00.png,res\\image\\hoshiman00.png,,
12,Star Man jumped to the side to dodge. Dirt and leaves scattered around him.,res\\image\\enchuu00.png,res\\image\\hoshiman00.png,,
13,The cylindrical monster turned toward him and slowly began to approach.,res\\image\\enchuu00.png,res\\image\\hoshiman00.png,,
14,"(I dodged it earlier because there was distance...
But if it charges from that close, I probably can’t avoid it.
If I get stepped on, I might die instantly...)",,res\\image\\hoshiman00.png,,
15,"Like the other monsters, this cylindrical one also seemed to weigh several hundred kilos.",res\\image\\enchuu00.png,,,
16,(I should run.),,res\\image\\hoshiman00.png,,
17,"Star Man ran off at a trot.
Even if he defeated a monster, he couldn’t eat it or get any materials from it.
So unless it was a frequently used or unavoidable path, he usually chose to flee.",,res\\image\\hoshiman00.png,,
18,"After walking for a while, he came to an open area.
There stood a collapsed, old house—made of straw and mud walls, the kind you never see in modern times.",,,,
19,"Inside the house, a human skeleton lay on the ground.",,,,
20,"(There’s no way a skeleton just ends up in a house under normal circumstances...
This feels like it was something sinister...)",res\\image\\hoshiman00.png,,,
21,"Hidden by grass, there was a faint path leading from the abandoned house into the forest.
Using a stick to push aside the overgrowth, Star Man followed it.
At the end, he found a small cemetery and a shrine.",,,,
22,(!! A person...!),res\\image\\hoshiman00.png,,,
23,An old woman was sitting in the cemetery.,res\\image\\hoshiman00.png,res\\image\\rouba00.png,,
24,"""Um...""",res\\image\\hoshiman00.png,res\\image\\rouba00.png,,
25,Star Man cautiously spoke to her.,res\\image\\hoshiman00.png,res\\image\\rouba00.png,,
26,(I hope she’s not another robot-like person...),res\\image\\hoshiman00.png,res\\image\\rouba00.png,,
27,"""...""",res\\image\\hoshiman00.png,res\\image\\rouba00.png,,
28,"""Do you have a moment?""",res\\image\\hoshiman00.png,res\\image\\rouba00.png,,
29,"""Ah... so it’s that time already...""",res\\image\\hoshiman00.png,res\\image\\rouba00.png,,
30,"""?""",res\\image\\hoshiman00.png,res\\image\\rouba00.png,,
31,Ah...,res\\image\\hoshiman00.png,res\\image\\rouba00.png,,
32,The old woman let out a sigh.,res\\image\\hoshiman00.png,res\\image\\rouba00.png,,
33,"""I’d like to ask you something.""",res\\image\\hoshiman00.png,res\\image\\rouba00.png,,
34,"""...""",res\\image\\hoshiman00.png,res\\image\\rouba00.png,,
35,"""...""",res\\image\\hoshiman00.png,res\\image\\rouba00.png,,
36,A moment of silence passed between them.,res\\image\\hoshiman00.png,res\\image\\rouba00.png,,
37,"""Alright.""",res\\image\\hoshiman00.png,res\\image\\rouba00.png,,
38,(Thank goodness... someone I can actually talk to.),res\\image\\hoshiman00.png,res\\image\\rouba00.png,,
39,"""I was shipwrecked and ended up here.""",res\\image\\hoshiman00.png,res\\image\\rouba00.png,,
40,"""...""",res\\image\\hoshiman00.png,res\\image\\rouba00.png,,
41,"""Nice to meet you...""",res\\image\\hoshiman00.png,res\\image\\rouba00.png,,
42,"""Yes, likewise.""",res\\image\\hoshiman00.png,res\\image\\rouba00.png,,
43,"""Tell me about those monsters roaming everywhere. What are they?""",res\\image\\hoshiman00.png,res\\image\\rouba00.png,,
44,"""…",res\\image\\hoshiman00.png,res\\image\\rouba00.png,,
45," Bioweapons... Experimental creations from Zeefolk dumped here.""",res\\image\\hoshiman00.png,res\\image\\rouba00.png,,
46,"""…!""",res\\image\\hoshiman00.png,res\\image\\rouba00.png,,
47,Zeefolk was a developing country west of this island.,res\\image\\hoshiman00.png,res\\image\\rouba00.png,,
48,"""...I see…""",res\\image\\hoshiman00.png,res\\image\\rouba00.png,,
49,"""They’re not that advanced. Just stuff like making plants move,
or implanting plant cells into animals.
It lets them survive without food or water.""",res\\image\\hoshiman00.png,res\\image\\rouba00.png,,
50,"On Planet Poweredge, genetic modification had become common, even at the household level.
Even in developing nations, creatures were engineered for all sorts of purposes.",res\\image\\hoshiman00.png,res\\image\\rouba00.png,,
51,"""I’ve never heard anything about that until now.""",res\\image\\hoshiman00.png,res\\image\\rouba00.png,,
52,"""This is an island no one comes to. You made a pact with a demon, didn’t you?""",res\\image\\hoshiman00.png,res\\image\\rouba00.png,,
53,"""Huh...? ...Yeah.""",res\\image\\hoshiman00.png,res\\image\\rouba00.png,,
54,"""That demon appears to those on the verge of death and offers them contracts.""",res\\image\\hoshiman00.png,res\\image\\rouba00.png,,
55,"""...""",res\\image\\hoshiman00.png,res\\image\\rouba00.png,,
56,"""Those who come back to life gain power.",res\\image\\hoshiman00.png,res\\image\\rouba00.png,,
57," When conflict breaks out, the powerful defeat the powerless.
They can kill them.""",res\\image\\hoshiman00.png,res\\image\\rouba00.png,,
58,"""...""",res\\image\\hoshiman00.png,res\\image\\rouba00.png,,
59,"""The powerless, fearing death, also make contracts and revive.""",res\\image\\hoshiman00.png,res\\image\\rouba00.png,,
60,"""...""",res\\image\\hoshiman00.png,res\\image\\rouba00.png,,
61,Star Man’s expression turned grim.,res\\image\\hoshiman00.png,res\\image\\rouba00.png,,
62,"""Those who make a pact can use magic.
With training, their power becomes overwhelming—capable of killing many at once.
And when many are killed, many more sign contracts and revive.""",res\\image\\hoshiman00.png,res\\image\\rouba00.png,,
63,"""It spread like a chain reaction.
But all contracts come with a one-year death sentence.
That’s how everyone on this island perished.""",res\\image\\hoshiman00.png,res\\image\\rouba00.png,,
64,"""...""",res\\image\\hoshiman00.png,res\\image\\rouba00.png,,
65,"""The monsters started being dumped here after that.""",res\\image\\hoshiman00.png,res\\image\\rouba00.png,,
66,"""I see... so that’s the story.""",res\\image\\hoshiman00.png,res\\image\\rouba00.png,,
67,"(From that horned man’s point of view,
if the islanders fought each other,
he’d get more contracts…)",res\\image\\hoshiman00.png,res\\image\\rouba00.png,,
68,"""...""",res\\image\\hoshiman00.png,res\\image\\rouba00.png,,
69,"""One more thing—I'd like to escape within a year, for the sake of my friends.
Do you know any good way?""",res\\image\\hoshiman00.png,res\\image\\rouba00.png,,
70,"""...""",res\\image\\hoshiman00.png,res\\image\\rouba00.png,,
71,"""...""",res\\image\\hoshiman00.png,res\\image\\rouba00.png,,
72,"""Can’t think of anything... If you could get off the island, that’d be ideal.
Your contract would be nullified too.""",res\\image\\hoshiman00.png,res\\image\\rouba00.png,,
73,"""Huh? The contract would be nullified?""",res\\image\\hoshiman00.png,res\\image\\rouba00.png,,
74,"""Yeah. If you leave the island, the contract ends and you’re free.""",res\\image\\hoshiman00.png,res\\image\\rouba00.png,,
75,"""Really? How do you know that?""",res\\image\\hoshiman00.png,res\\image\\rouba00.png,,
76,"""Huh? How did I know that...?""",res\\image\\hoshiman00.png,res\\image\\rouba00.png,,
77,"""...""",res\\image\\hoshiman00.png,res\\image\\rouba00.png,,
78,(Can I really believe that...?),res\\image\\hoshiman00.png,res\\image\\rouba00.png,,
79,"""Anyway, thank you.""",res\\image\\hoshiman00.png,res\\image\\rouba00.png,,
80,"After that, Star Man gathered some food and returned to the ruins.",res\\image\\hoshiman00.png,,,
