ID,オプション1,オプション2,オプション3,Unnamed: 4,Unnamed: 5
1,The room had been cleaned up nicely.,res\\image\\hoshiman00.png,,
2,"""Great work, you two. That was better than I expected.""",res\\image\\hoshiman00.png,,,
3,"""Yaaay!""",res\\image\\sankakuman00.png,res\\image\\shikakuman00.png,,
4,The three of them gave each other a high five.,res\\image\\sankakuman00.png,res\\image\\shikakuman00.png,,
5,"""I need to talk to you—come with me to Trapezoid Man.""",res\\image\\hoshiman00.png,,,
6,"""Okay.""",res\\image\\sankakuman00.png,res\\image\\shikakuman00.png,,
