﻿ID,オプション1,オプション2,オプション3,background
1,The room had been cleaned.,res\\image\\hoshiman00.png,,res\\image\\talkPrecision.png
2,"""You two did great. That's beyond what I expected.""",res\\image\\hoshiman00.png,,res\\image\\talkPrecision.png
3,"""Yay!""",res\\image\\sankakuman00.png,res\\image\\shikakuman00.png,res\\image\\talkPrecision.png
4,The three of them high‑fived.,res\\image\\sankakuman00.png,res\\image\\shikakuman00.png,res\\image\\talkPrecision.png
5,"""I need to talk—come to Trapezoid Man's room.""",res\\image\\hoshiman00.png,,res\\image\\talkPrecision.png
6,"""Okay.""",res\\image\\sankakuman00.png,res\\image\\shikakuman00.png,res\\image\\talkPrecision.png
