﻿ID,オプション1,オプション2,オプション3,Unnamed: 4,Unnamed: 5
1,"Star Man woke up.
Several hours seemed to have passed.",res\\image\\hoshiman00.png,,,
2,"(Ah... right. I came to an uninhabited island...
Is it evening? Or dawn?
My whole body hurts...)",res\\image\\hoshiman00.png,,,
3,"Sunburn and muscle pain had left Star Man's body in tatters.
He mustered his will and stood up.",res\\image\\hoshiman00.png,,,
4,(Water...),res\\image\\hoshiman00.png,,,
5,Star Man looked toward the sea.,res\\image\\hoshiman00.png,,,
6,"(Yesterday rainwater had pooled among the rocks,
but it won't always be there... I have to think of something...
... I'll look for a river.)",res\\image\\hoshiman00.png,,,
7,"Star Man looked around, but no river was in sight.",res\\image\\hoshiman00.png,,,
8,(I can see something like a path in the forest.),res\\image\\hoshiman00.png,,,
9,Star Man decided to follow the path into the forest.,res\\image\\hoshiman00.png,,,
