﻿ID,オプション1,オプション2,オプション3,,
1,　翌日、ホシマンは子供たちと、ココナッツの木が生えている海岸へ行った。,res\\image\\hoshiman00.png,res\\image\\sankakuman00.png,
2,（・・・うーん）,res\\image\\hoshiman00.png,,,
3,"ホシマンは海の向こう側に島がないか探した。
しかし水平線にあるのは空と海だけであり、それ以外何もなかった。",res\\image\\hoshiman00.png,,,
4,「私は島を時計回りに歩いて、海の向こう側に島がないか見てみるよ」,res\\image\\hoshiman00.png,,,
5,「・・・オッケー」,res\\image\\sankakuman00.png,res\\image\\shikakuman00.png,,
6,子供たちと別れ、ホシマンは反時計回りに海岸を歩いて行った。,,,,
7,"島は全体的に山であったため、海の向こうを確認するには山頂へ行くか、
海岸を一周するしかなかった。",,,,
