ID,オプション1,オプション2,オプション3,Unnamed: 4,Unnamed: 5
1,"""Good evening.""",res\\image\\hoshiman00.png,,
2,Star Man greeted Trapezoid Man.,res\\image\\hoshiman00.png,,,
3,"""O-oh. Nice gear you’ve got there, haha.""",res\\image\\hoshiman00.png,res\\image\\daikeiman00.png,,
4,"Trapezoid Man said, eyeing the burning stick in Star Man’s hand.",res\\image\\hoshiman00.png,res\\image\\daikeiman00.png,,
5,"""Hey. I brought some acorns.
Also, I’d like to talk—mind if I bring the kids over?""",res\\image\\hoshiman00.png,res\\image\\daikeiman00.png,,
6,"""O-okay...""",res\\image\\hoshiman00.png,res\\image\\daikeiman00.png,,
7,"""Well then... first, let me give you this...""",res\\image\\hoshiman00.png,res\\image\\daikeiman00.png,,
8,"Star Man took some acorns from his bag and placed them near Trapezoid Man.
Then, he went to his room.",res\\image\\hoshiman00.png,,,
