﻿ID,オプション1,オプション2,オプション3,background,bgm
1,"２か月後、イカダ制作の完成が近づいてきていた。
イカダには帆がつけられ、追い風であれば
推力を得ることができるようになっていた。",,,,
2,向かい風でも船を前進させる方法があるが、３人は知らなかった。,,,,
3,"存在することを知らなかったため、
調べようという発想に至ることができなかった。",,,,
4,「・・・」,res\\image\\hoshiman00.png,res\\image\\daikeiman00.png,,
5,「なぁ、ホシマン・・・」,res\\image\\hoshiman00.png,res\\image\\daikeiman00.png,,
6,"ダイケイマンはホシマンに耳打ちした。
ホシマンがダイケイマンの方を見ると
ダイケイマンはサンカクマンの方を指さしていた。",res\\image\\hoshiman00.png,res\\image\\daikeiman00.png,,
7,サンカクマンが石を削ってナイフを作っていた。,res\\image\\sankakuman00.png,,,
8,"サンカクマンは武器の制作とトレーニングに励んでおり
復讐を企んでいるようだった。
しかし、ホシマンとダイケイマンのどちらもそのことに触れられなかった。",res\\image\\sankakuman00.png,,,
9,あの日以来、ネスとガインは現れなかった。,,,,
