﻿ID,オプション1,オプション2,オプション3,Unnamed: 4,Unnamed: 5
1,"While keeping an eye on the cube‑shaped monsters,
after about three hours of walking,
sitting, and walking again, Star Man could no longer walk from exhaustion.",res\\image\\hoshiman00.png,,,
2,"As he sat unable to move, Star Man spotted
something moving on a distant rock.
Looking closely, it seemed to be two children.",res\\image\\hoshiman00.png,,,
3,(That isn't a monster... is it?),res\\image\\hoshiman00.png,,,
4,"""Hey!""
Star Man waved and headed toward the children.",res\\image\\hoshiman00.png,,,
5,"The children stayed seated where they were,
whispering to each other.",,res\\image\\sankakuman00.png,,
6,(I'll go.),res\\image\\hoshiman00.png,res\\image\\sankakuman00.png,,
